email,phone,age,ip_address,gps_lat,gps_lon,health_condition,purchase_amount,churned
lo****@example.com,+3366******8,"(38.0, 49.0]",817871f58f75bf716acfd40779b2aa56afbda599e40736604fa973f9b567275c,48.891,2.349,64a63e472e2a91a8af878999101062f5f9dc301dc546fec565b02cf906551d21,181.798,0
ro****@example.com,+3374******6,"(15.999, 28.0]",bd958ce09e21127f98855b762f76615d7144ae6b5819684b1d59939f504c210b,48.785,2.233,64a63e472e2a91a8af878999101062f5f9dc301dc546fec565b02cf906551d21,93.078,0
al****@example.com,+3376******2,"(72.5, 84.0]",17f3d0df624481fb276b95cc34b192ececffbca77cc5ae8a2cf0afc5a5f14bf3,48.893,2.421,64a63e472e2a91a8af878999101062f5f9dc301dc546fec565b02cf906551d21,101.023,0
lo****@example.com,+3366******3,"(49.0, 62.0]",a4a220d5b50e7cef16389651b142515fbf6c2c5fa2a338d7e804fa2531c5aff7,48.884,2.137,0e11e91ca499ad89a0b06f1ba87c00b1ccadd0f3c0fcd0ab3956ab4111f09d0b,56.515,0
ra****@example.com,+3362******1,"(28.0, 38.0]",bc040ecccf531f74773b6abf4a5aa97cbf2dfc722bcc94d65e7cefee6e397e54,48.812,2.413,0e11e91ca499ad89a0b06f1ba87c00b1ccadd0f3c0fcd0ab3956ab4111f09d0b,89.713,1
li****@example.com,+3377******0,"(38.0, 49.0]",5a431ca8ed9ab35471f259d3936b256ffd9596c01d0e34f081522b1ee9d1de53,48.793,2.354,0e11e91ca499ad89a0b06f1ba87c00b1ccadd0f3c0fcd0ab3956ab4111f09d0b,51.617,0
ra****@example.com,+3362******1,"(62.0, 72.5]",ec4a5413c41d61abd3d9ed5c2638891702e4687cf8019c61052eb84889c61a3e,48.753,2.17,64a63e472e2a91a8af878999101062f5f9dc301dc546fec565b02cf906551d21,145.262,0
ja****@example.com,+3364******3,"(62.0, 72.5]",b00d8634ea6caa663cf1d6e988032754fdee9390df1927a5074db44aeec8ed6a,48.936,2.224,64a63e472e2a91a8af878999101062f5f9dc301dc546fec565b02cf906551d21,231.954,0
lo****@example.com,+3362******8,"(38.0, 49.0]",42eddc32dcf5b25f1b067ab8878033699ef8eebf41824e6ee5dec133c2b5b665,48.915,2.107,8bbb1ad3f859db7395ed5738a633fb0dfbeaabf41f6efcdc5b064aff4cc4e0d4,105.352,1
lu****@example.com,+3375******5,"(28.0, 38.0]",e7bd7af0862746cd95b13660e0e272cb86b97455d251e1ac820939e99635b71c,48.742,2.422,64a63e472e2a91a8af878999101062f5f9dc301dc546fec565b02cf906551d21,53.343,0
ja****@example.com,+3362******2,"(49.0, 62.0]",17d4797bb3be7a1e96040fe52df99f8eeffcda1b3f1b4a57f835f1e9bfbc0e90,48.886,2.311,64a63e472e2a91a8af878999101062f5f9dc301dc546fec565b02cf906551d21,156.017,0
lo****@example.com,+3373******7,"(49.0, 62.0]",cbfdf50c5db2f06cb7faee383b2bd5cdb6b6cab62a3019ef75fa8965d5999f8d,48.908,2.388,64a63e472e2a91a8af878999101062f5f9dc301dc546fec565b02cf906551d21,90.917,0
lo****@example.com,+3373******4,"(49.0, 62.0]",5776367861e0c5699bcbe4ee59572412d75f46f49351e4c62be63f5678a59bfd,48.87,2.527,64a63e472e2a91a8af878999101062f5f9dc301dc546fec565b02cf906551d21,171.983,0
ja****@example.com,+3361******0,"(15.999, 28.0]",60972e95accedfa71e2f446d1aee7476ad7c28239cf46c335aa6b43f5f8546f9,48.925,2.298,64a63e472e2a91a8af878999101062f5f9dc301dc546fec565b02cf906551d21,108.72,1
em****@example.com,+3363******7,"(38.0, 49.0]",22b01b7c1973487b5a8e6a67176b6fc8663f00987782ad7af1e658cbe0c840be,48.851,2.306,64a63e472e2a91a8af878999101062f5f9dc301dc546fec565b02cf906551d21,94.674,0
mi****@example.com,+3375******1,"(49.0, 62.0]",49d829d6100bae0354c31b286445149ab2ca4c7f188f2c623d9a3abcbe9f610a,48.919,2.335,64a63e472e2a91a8af878999101062f5f9dc301dc546fec565b02cf906551d21,112.983,0
la****@example.com,+3370******9,"(72.5, 84.0]",d60ecee6598018af31a6736de866d78a3e44820cf4e839eda626f0e663f50d72,48.975,2.388,64a63e472e2a91a8af878999101062f5f9dc301dc546fec565b02cf906551d21,150.305,1
hu****@example.com,+3362******4,"(49.0, 62.0]",f6ab105e206f525e597a266bf7ae3eedf194029bc611fa4d25e964469a041f84,48.93,2.381,64a63e472e2a91a8af878999101062f5f9dc301dc546fec565b02cf906551d21,110.835,0
lo****@example.com,+3379******4,"(38.0, 49.0]",15dc80664cef9f8cecd9335aa435a058f40408deb542497f42921d758071e9ea,48.782,2.223,64a63e472e2a91a8af878999101062f5f9dc301dc546fec565b02cf906551d21,100.212,0
ga****@example.com,+3365******0,"(49.0, 62.0]",30519156cd94edfa144ce0cd962175bd5d53138bcde4fcb21e16cc750af19a1e,48.905,2.374,64a63e472e2a91a8af878999101062f5f9dc301dc546fec565b02cf906551d21,112.017,0
la****@example.com,+3360******0,"(15.999, 28.0]",e63850483b56afcdab67e0111c4394dd82a0db09ec946e3d847da5ccac45db5d,48.855,2.333,0e11e91ca499ad89a0b06f1ba87c00b1ccadd0f3c0fcd0ab3956ab4111f09d0b,69.107,0
ju****@example.com,+3378******4,"(15.999, 28.0]",e5aa0cec7cd1ef34f0e506724be8fbea30b7ebcc474177f565a204bae07eb69a,48.801,2.504,64a63e472e2a91a8af878999101062f5f9dc301dc546fec565b02cf906551d21,135.848,1
et****@example.com,+3360******0,"(49.0, 62.0]",7b8347647cb714a1c061be9ce586caf9487ef659b36028ee907aa93e649e7b81,48.809,2.232,64a63e472e2a91a8af878999101062f5f9dc301dc546fec565b02cf906551d21,48.439,0
li****@example.com,+3379******5,"(72.5, 84.0]",fe3b2b5de9e46b64f8dacc8729f4c473b1100b1117cc4d45b14b5e1691357fa1,48.92,2.434,774ca929a096f928aa6888a04e9c1f81202ebd8d319f69b940f08dc30b18bd43,102.29,0
ch****@example.com,+3371******0,"(72.5, 84.0]",192fe66f165912158e438c70c67c587a5d8c0badca3ef8bb7b7fb81c8464a7c4,48.861,2.346,64a63e472e2a91a8af878999101062f5f9dc301dc546fec565b02cf906551d21,150.352,0
ja****@example.com,+3371******6,"(49.0, 62.0]",56f34821798613b4d183b20655d97726413c110b0a8f55acb8c20b4fc2fa931d,48.958,2.392,0e11e91ca499ad89a0b06f1ba87c00b1ccadd0f3c0fcd0ab3956ab4111f09d0b,132.023,1
no****@example.com,+3367******9,"(15.999, 28.0]",75d7516a3417ce83cf10cb3d8042617bb19b986ae3b7626d1838f5927b1c234e,48.858,2.297,64a63e472e2a91a8af878999101062f5f9dc301dc546fec565b02cf906551d21,143.622,0
an****@example.com,+3362******4,"(72.5, 84.0]",2a8913da8ceaac07590cf818c316143a56118e705c93766e4140a67a3e27deed,48.808,2.292,64a63e472e2a91a8af878999101062f5f9dc301dc546fec565b02cf906551d21,117.432,1
em****@example.com,+3371******4,"(38.0, 49.0]",71f78a661067c57f3bad73622e105b79db9579d68b4180fa484b3462641aae31,48.874,2.441,64a63e472e2a91a8af878999101062f5f9dc301dc546fec565b02cf906551d21,166.712,1
et****@example.com,+3377******9,"(28.0, 38.0]",e34a434980d9e090b5e969b95cd938d8a2da96b5578d672a6257b62170f8348a,48.847,2.322,64a63e472e2a91a8af878999101062f5f9dc301dc546fec565b02cf906551d21,157.011,0
lu****@example.com,+3361******0,"(72.5, 84.0]",59714e095ed3beb25d77c30723fd23864aa599bd236b8f13f1eebb21ee6cebea,48.854,2.346,8bbb1ad3f859db7395ed5738a633fb0dfbeaabf41f6efcdc5b064aff4cc4e0d4,137.799,1
et****@example.com,+3377******9,"(62.0, 72.5]",51bc3c8a902ed50cab13d75aa4ff8f302a4a62f74cdd206de9c23a6b71082e7e,49.059,2.295,774ca929a096f928aa6888a04e9c1f81202ebd8d319f69b940f08dc30b18bd43,157.082,0
no****@example.com,+3368******3,"(62.0, 72.5]",b9039c934afc9968219274d90cbd57a3117eb7eb472280324d0aa6fd45b4d661,48.912,2.493,0e11e91ca499ad89a0b06f1ba87c00b1ccadd0f3c0fcd0ab3956ab4111f09d0b,150.014,0
ja****@example.com,+3370******2,"(28.0, 38.0]",9b756482cd407f752f428f0c6dd1ca5128ca5af797f1c33547ef452368bb8724,48.79,2.292,0e11e91ca499ad89a0b06f1ba87c00b1ccadd0f3c0fcd0ab3956ab4111f09d0b,102.431,0
ch****@example.com,+3363******4,"(72.5, 84.0]",cec1d8d3e41578948b92aa6a77788a779415447ab5d2e7ee60af95f2065c5b26,48.895,2.497,64a63e472e2a91a8af878999101062f5f9dc301dc546fec565b02cf906551d21,66.156,1
hu****@example.com,+3372******5,"(38.0, 49.0]",6d6bad843815b7fcf4818b7971b09986b6993e48272e03f16720c6f53eab1aa8,48.788,2.318,774ca929a096f928aa6888a04e9c1f81202ebd8d319f69b940f08dc30b18bd43,136.758,0
li****@example.com,+3363******7,"(49.0, 62.0]",5c953fa30431352523fde0dcaca745771fe482b882f37b06edb393470c2e7511,48.853,2.332,64a63e472e2a91a8af878999101062f5f9dc301dc546fec565b02cf906551d21,141.854,0
la****@example.com,+3374******8,"(62.0, 72.5]",b1cfb352b405d298dc4cc00a69d851af4b980783b3660964e11e2fbfd68cbc1b,48.801,2.331,774ca929a096f928aa6888a04e9c1f81202ebd8d319f69b940f08dc30b18bd43,163.594,1
lu****@example.com,+3361******9,"(49.0, 62.0]",41a23d777e0b5d652f214c7c140335b9cee1971df152b4fb9be1b92850b5458e,48.951,2.263,64a63e472e2a91a8af878999101062f5f9dc301dc546fec565b02cf906551d21,82.543,0
al****@example.com,+3368******0,"(15.999, 28.0]",0aa2f62e24c0c5eaff867aacd776d7b61818e0122f959d9c77785c4eb4932dbe,48.915,2.342,64a63e472e2a91a8af878999101062f5f9dc301dc546fec565b02cf906551d21,83.748,1
lo****@example.com,+3371******1,"(28.0, 38.0]",f349cc6ba1bd687a5961edd7ca73905617f9560669537dbb22ab7f61eccda7a1,48.987,2.476,774ca929a096f928aa6888a04e9c1f81202ebd8d319f69b940f08dc30b18bd43,138.425,1
al****@example.com,+3362******1,"(38.0, 49.0]",4879e0ccdcf44a5013431d77638d85fc9c1eb76afeb8ea829a1a10bf19a48f59,48.913,2.256,774ca929a096f928aa6888a04e9c1f81202ebd8d319f69b940f08dc30b18bd43,117.177,0
ja****@example.com,+3365******8,"(72.5, 84.0]",8f5beab1959f95d8efbd6cc228f8dc3814ba3b8654e6821a9ccabdbbb928be8f,48.843,2.474,64a63e472e2a91a8af878999101062f5f9dc301dc546fec565b02cf906551d21,44.544,0
ra****@example.com,+3366******7,"(62.0, 72.5]",c9f5d77cefc0267226874d973e66cac6d22d1c12f7761a81f403fbc9238115d4,48.827,2.455,64a63e472e2a91a8af878999101062f5f9dc301dc546fec565b02cf906551d21,134.972,0
ga****@example.com,+3373******8,"(38.0, 49.0]",76b4403cf831796c7648d3d40c71e3999c0e5eb19ad6614cd048eb2a1b35e259,48.866,2.522,64a63e472e2a91a8af878999101062f5f9dc301dc546fec565b02cf906551d21,45.986,1
mi****@example.com,+3379******9,"(62.0, 72.5]",063b2bd9eea832a91274e0df718c40793e652737a473d82b88b0ca47beece44d,48.814,2.363,8bbb1ad3f859db7395ed5738a633fb0dfbeaabf41f6efcdc5b064aff4cc4e0d4,82.194,0
li****@example.com,+3376******4,"(62.0, 72.5]",51103d3336134e2db7779dc06fc2c8307b6a9c49262cd841b1a3fec785770944,48.925,2.547,64a63e472e2a91a8af878999101062f5f9dc301dc546fec565b02cf906551d21,174.057,0
la****@example.com,+3363******1,"(38.0, 49.0]",3a0e4eb0df17e9e1be500a1f96f0e21a2074fb12402a19173a92a07e43425671,48.811,2.314,64a63e472e2a91a8af878999101062f5f9dc301dc546fec565b02cf906551d21,193.039,0
li****@example.com,+3360******8,"(38.0, 49.0]",73c8a03c94b97235b62a28a90d46c25dbe108f6b9ce1649539ec358722dcae29,48.787,2.352,64a63e472e2a91a8af878999101062f5f9dc301dc546fec565b02cf906551d21,71.312,0
lo****@example.com,+3361******8,"(72.5, 84.0]",f24434719bc0eef19b07385d1daf7b83b8c8302327c6765072c05984c105c427,48.844,2.287,64a63e472e2a91a8af878999101062f5f9dc301dc546fec565b02cf906551d21,106.771,0
la****@example.com,+3371******4,"(49.0, 62.0]",39e6a40bde469a24e142127d341c7400ddb234dde8da59805e9fa70cba10351a,48.799,2.465,64a63e472e2a91a8af878999101062f5f9dc301dc546fec565b02cf906551d21,121.672,0
lo****@example.com,+3363******1,"(15.999, 28.0]",c1ea8fd5ba663329c0a99e6fb576ad124955d46478a4e2e0ff17d7c23f618aa4,48.815,2.437,64a63e472e2a91a8af878999101062f5f9dc301dc546fec565b02cf906551d21,191.286,1
ra****@example.com,+3364******7,"(62.0, 72.5]",790358a78845eeb601a467c81e1f3efa469f943a9c1992f5e9f37889417ef971,48.923,2.3,0e11e91ca499ad89a0b06f1ba87c00b1ccadd0f3c0fcd0ab3956ab4111f09d0b,100.264,0
lu****@example.com,+3376******2,"(49.0, 62.0]",13d08e1809270ea5068b04cbbb1585d457eb9648786328aff006ef8613b0159d,48.844,2.474,0e11e91ca499ad89a0b06f1ba87c00b1ccadd0f3c0fcd0ab3956ab4111f09d0b,100.902,1
ga****@example.com,+3377******8,"(49.0, 62.0]",2cac2c4c162428ccf703937d9072716b43875fc4d6054aa98538ab5645e59d09,48.97,2.452,0e11e91ca499ad89a0b06f1ba87c00b1ccadd0f3c0fcd0ab3956ab4111f09d0b,181.929,0
ga****@example.com,+3376******2,"(62.0, 72.5]",5ae43440c7ff1d544ee644886b893ff753a0ba362698261c67aa46e5d7d0a653,48.899,2.493,64a63e472e2a91a8af878999101062f5f9dc301dc546fec565b02cf906551d21,105.072,1
ja****@example.com,+3372******8,"(72.5, 84.0]",8073390ac057316e1aefcb94dce541c0ff3a38676afcb6fb54beab1aa17c64f1,48.91,2.268,64a63e472e2a91a8af878999101062f5f9dc301dc546fec565b02cf906551d21,148.828,0
ju****@example.com,+3363******2,"(28.0, 38.0]",59cfd893ec0b563a6b17c2cbb3e41873e94d0ec78be3914dd7d3cb43b297cb61,48.815,2.336,774ca929a096f928aa6888a04e9c1f81202ebd8d319f69b940f08dc30b18bd43,60.883,0
an****@example.com,+3371******7,"(38.0, 49.0]",81823e7ae3a3b20127f3ba7021d67e97eb1dc41420ed1b2ebc8909d5338babe9,48.777,2.317,0e11e91ca499ad89a0b06f1ba87c00b1ccadd0f3c0fcd0ab3956ab4111f09d0b,113.162,0
ja****@example.com,+3370******1,"(28.0, 38.0]",611190945103f5e7f561d616093e106b98fdbf1ae9a3b2ffb0c0c3d644a8253c,48.861,2.202,64a63e472e2a91a8af878999101062f5f9dc301dc546fec565b02cf906551d21,53.629,0
ro****@example.com,+3367******9,"(49.0, 62.0]",b2279c5ec94ef16c38dda4c321c520a73972b1507e3f6f44dbbadf650442f097,48.816,2.484,64a63e472e2a91a8af878999101062f5f9dc301dc546fec565b02cf906551d21,77.781,0
ja****@example.com,+3375******5,"(38.0, 49.0]",4a39c6d068ce8c897d890f10420c5072f55e8e83ac1f87b016f8870375976584,48.864,2.291,774ca929a096f928aa6888a04e9c1f81202ebd8d319f69b940f08dc30b18bd43,153.54,1
et****@example.com,+3370******8,"(38.0, 49.0]",7ee38c7279e03e6a553be97bf428a5ba43719d7d75d60a62914c11973029c58f,48.775,2.456,64a63e472e2a91a8af878999101062f5f9dc301dc546fec565b02cf906551d21,118.004,0
ch****@example.com,+3374******6,"(62.0, 72.5]",7c5bb4fecf4fa53bf78bc1520bc582b7b5300aae57a03fccb5ad8676b99f9250,48.753,2.555,774ca929a096f928aa6888a04e9c1f81202ebd8d319f69b940f08dc30b18bd43,107.182,0
lu****@example.com,+3375******6,"(38.0, 49.0]",b29154e66fe421b6f4ef0bf26c48866fab1372bf7aaa9ba89beea60c37900cc7,48.861,2.344,64a63e472e2a91a8af878999101062f5f9dc301dc546fec565b02cf906551d21,90.005,0
lo****@example.com,+3371******8,"(38.0, 49.0]",f1520dad893c528050500b907330355d8a6c9c3f2ecb3296b934f86700fbbcf9,48.853,2.311,64a63e472e2a91a8af878999101062f5f9dc301dc546fec565b02cf906551d21,111.181,0
ja****@example.com,+3365******7,"(38.0, 49.0]",c441940ac8a9081fe49f364a24046923d940ef9f19e0137eb7ce0f6fd982c6ea,48.84,2.378,64a63e472e2a91a8af878999101062f5f9dc301dc546fec565b02cf906551d21,131.988,0
ga****@example.com,+3375******6,"(28.0, 38.0]",4c3b3beed71da1adb7289041ddf0cff29b0c482c2eac4285e52194d6f9834658,48.835,2.461,64a63e472e2a91a8af878999101062f5f9dc301dc546fec565b02cf906551d21,159.272,0
hu****@example.com,+3374******9,"(15.999, 28.0]",7b8404081506a95021b4101d41a0a73844676111a8e57c837efb299e349c3955,48.857,2.336,0e11e91ca499ad89a0b06f1ba87c00b1ccadd0f3c0fcd0ab3956ab4111f09d0b,15.03,0
lo****@example.com,+3379******4,"(72.5, 84.0]",448994ecd8744fe39c3d3374026fcbd77367d79fe1764aaf010ebb78cbc78b6a,48.949,2.245,64a63e472e2a91a8af878999101062f5f9dc301dc546fec565b02cf906551d21,86.706,1
ro****@example.com,+3362******2,"(15.999, 28.0]",2c903e242e8897abd81253509f465ddc1d22aff866fc1a11ec20ee384d8699ca,48.985,2.423,64a63e472e2a91a8af878999101062f5f9dc301dc546fec565b02cf906551d21,126.365,0
no****@example.com,+3368******7,"(28.0, 38.0]",7b9bc7940d18ae80e8e395709c67f301837535083af411309dee4f24f8390637,48.791,2.44,0e11e91ca499ad89a0b06f1ba87c00b1ccadd0f3c0fcd0ab3956ab4111f09d0b,115.995,0
ra****@example.com,+3378******5,"(49.0, 62.0]",0a4e5cd453e63c06370ce7f3c9bf2923f8fc3da6d450022593817990a8addb1d,48.896,2.195,774ca929a096f928aa6888a04e9c1f81202ebd8d319f69b940f08dc30b18bd43,136.178,0
ra****@example.com,+3370******9,"(15.999, 28.0]",f0c521763eff5467c8413f283e34339c679828941406a6e1f2b2cb641a1d56cd,48.885,2.29,774ca929a096f928aa6888a04e9c1f81202ebd8d319f69b940f08dc30b18bd43,130.669,0
mi****@example.com,+3378******6,"(49.0, 62.0]",84abcd69a31c5a9e22b65ec87b9683b33bdd8a118dbdd28a37743b9be0fd23f4,48.812,2.569,64a63e472e2a91a8af878999101062f5f9dc301dc546fec565b02cf906551d21,107.826,0
et****@example.com,+3360******5,"(62.0, 72.5]",646e13fbbe7d14f643bb9af43eb3fe0c2ef48deb2c5596dbe11ca681aad447db,48.911,2.364,0e11e91ca499ad89a0b06f1ba87c00b1ccadd0f3c0fcd0ab3956ab4111f09d0b,98.908,1
no****@example.com,+3360******2,"(49.0, 62.0]",00fc65646a03768cbdb380642eb62f60f782de0f3c650ac9f6d851a21bee0de2,48.933,2.38,64a63e472e2a91a8af878999101062f5f9dc301dc546fec565b02cf906551d21,110.104,0
lu****@example.com,+3375******0,"(28.0, 38.0]",0a0f2562c197e2446cc0250858325a6488c4a5224a0267f67e60d72cecfea7fb,48.841,2.412,64a63e472e2a91a8af878999101062f5f9dc301dc546fec565b02cf906551d21,165.951,0
mi****@example.com,+3367******5,"(15.999, 28.0]",8d74917330773b5ede9b3e82d98108e613decb9e8a07b84aeb26ba6335a3a0eb,48.839,2.311,64a63e472e2a91a8af878999101062f5f9dc301dc546fec565b02cf906551d21,90.726,0
ja****@example.com,+3370******2,"(72.5, 84.0]",b2ca7e0887ce0671d2ad909972a4b171f65d05cc12d0dd05e080cdb307d7036d,48.938,2.508,64a63e472e2a91a8af878999101062f5f9dc301dc546fec565b02cf906551d21,117.43,0
lo****@example.com,+3368******7,"(28.0, 38.0]",fe726ae5f9cf58b0cbfb0eb37eee6bc68b9cc20b09a7a046fe0f36a6b3f3bf88,48.819,2.225,774ca929a096f928aa6888a04e9c1f81202ebd8d319f69b940f08dc30b18bd43,127.264,1
no****@example.com,+3368******5,"(62.0, 72.5]",39f8fae5efc73a4f8a090784cb928b12c9ca7e7e051592468200382d14a05c32,48.783,2.252,64a63e472e2a91a8af878999101062f5f9dc301dc546fec565b02cf906551d21,182.393,0
ar****@example.com,+3378******7,"(28.0, 38.0]",160d86b793fb0a577c5a3e43a959a39a041553f6673c58f20e9b3e2aab45428b,48.821,2.346,64a63e472e2a91a8af878999101062f5f9dc301dc546fec565b02cf906551d21,107.909,0
ro****@example.com,+3361******2,"(15.999, 28.0]",61d909e5257f42a3ef86ae76449479bb7f51822e41f3e03965135ce3444be6e8,48.872,2.353,0e11e91ca499ad89a0b06f1ba87c00b1ccadd0f3c0fcd0ab3956ab4111f09d0b,158.426,1
ch****@example.com,+3375******3,"(62.0, 72.5]",aeaa3014b3368b6c6289eaf23c26b205e0090ad6ec25ccd5addc2b401b31c5cb,48.724,2.328,64a63e472e2a91a8af878999101062f5f9dc301dc546fec565b02cf906551d21,169.259,0
lo****@example.com,+3377******3,"(72.5, 84.0]",6a1b5a5ce84176fc2ff809951c6cc136592cafad6d5ac3767db262360b0e7eb6,48.903,2.259,64a63e472e2a91a8af878999101062f5f9dc301dc546fec565b02cf906551d21,117.397,1
li****@example.com,+3373******0,"(72.5, 84.0]",6de11c73d73aadcc2bffd919279ebb83fff7420ced8c615bbd9e7b669cd60cdd,48.838,2.406,8bbb1ad3f859db7395ed5738a633fb0dfbeaabf41f6efcdc5b064aff4cc4e0d4,111.481,0
ga****@example.com,+3367******7,"(62.0, 72.5]",878cb5ea06502859d01d7a4cb89f528a8b3708c443bc829b332b4d9af5681610,48.847,2.419,774ca929a096f928aa6888a04e9c1f81202ebd8d319f69b940f08dc30b18bd43,106.891,1
ro****@example.com,+3363******9,"(28.0, 38.0]",7406463ee229fd12e4db8d410acb45899b694d9780041ba92ce7159f33df08ac,48.889,2.445,8bbb1ad3f859db7395ed5738a633fb0dfbeaabf41f6efcdc5b064aff4cc4e0d4,109.819,0
mi****@example.com,+3373******8,"(72.5, 84.0]",19722a5334ab635ab8ebba21cd868fdea7961dc0cfb6546da504970638028e51,48.866,2.415,8bbb1ad3f859db7395ed5738a633fb0dfbeaabf41f6efcdc5b064aff4cc4e0d4,154.172,0
lo****@example.com,+3369******5,"(49.0, 62.0]",c18ae2b7b24ea7c2197a61c8306871a197cbf6c0342eb6a80f38e0a62370d255,48.882,2.341,0e11e91ca499ad89a0b06f1ba87c00b1ccadd0f3c0fcd0ab3956ab4111f09d0b,129.216,0
an****@example.com,+3362******1,"(15.999, 28.0]",3d26a15fcf1bcd80b02efac6b72eb89437ad30ac42add8f649f38f2677a98f22,48.851,2.3,774ca929a096f928aa6888a04e9c1f81202ebd8d319f69b940f08dc30b18bd43,129.413,0
ro****@example.com,+3367******9,"(15.999, 28.0]",4139582fccc1f2785019a91f84fcb0dfcd40b639acd591adbc369d40ec036c83,48.836,2.465,64a63e472e2a91a8af878999101062f5f9dc301dc546fec565b02cf906551d21,74.887,0
ju****@example.com,+3379******4,"(72.5, 84.0]",a9c9edfd51a32e11d12ecddcfdb93812d2c9abb2f179914cbfa698e56568649c,48.826,2.486,64a63e472e2a91a8af878999101062f5f9dc301dc546fec565b02cf906551d21,81.283,0
lo****@example.com,+3365******6,"(28.0, 38.0]",648d2bc795333c71fe0e849d6697394973ae80317abc914296d1a16c998a2994,48.859,2.287,64a63e472e2a91a8af878999101062f5f9dc301dc546fec565b02cf906551d21,205.724,0
ra****@example.com,+3363******2,"(62.0, 72.5]",313696a27176a41b4c030f56d1bd1a0998ebe57b3f5fe70cddf25a4d8f5daebc,48.839,2.187,774ca929a096f928aa6888a04e9c1f81202ebd8d319f69b940f08dc30b18bd43,112.884,1
hu****@example.com,+3373******2,"(15.999, 28.0]",d05e2f55e8255c13df8001898bd8f28c5ad89494a6ef5eee9e7468c6883990a3,48.767,2.277,64a63e472e2a91a8af878999101062f5f9dc301dc546fec565b02cf906551d21,88.941,1
al****@example.com,+3363******8,"(28.0, 38.0]",b3139a2c5f6628a309c11e612cd01f6584c5df960eb0232c2d43c33f876bc7d7,48.807,2.42,0e11e91ca499ad89a0b06f1ba87c00b1ccadd0f3c0fcd0ab3956ab4111f09d0b,177.179,0
la****@example.com,+3378******9,"(28.0, 38.0]",d9a0febc0ae4d65d5d7d75ad6302f9912b0334b1e0bd77ad483c33cca70b0ba2,48.839,2.379,64a63e472e2a91a8af878999101062f5f9dc301dc546fec565b02cf906551d21,131.352,1
ra****@example.com,+3377******1,"(28.0, 38.0]",f5ac9624f31c21496fcac95c81572071f389c2a7749dc9df40dd3a5833fd0561,48.935,2.496,64a63e472e2a91a8af878999101062f5f9dc301dc546fec565b02cf906551d21,143.117,0
ja****@example.com,+3379******4,"(49.0, 62.0]",550e9cd81033bccd94fce4720d977cf92766f9141fecf00153fafb2170fa0c6b,48.793,2.482,64a63e472e2a91a8af878999101062f5f9dc301dc546fec565b02cf906551d21,114.454,0
ju****@example.com,+3378******7,"(72.5, 84.0]",5bf6127fee45a725f0cc37a705f0ab306e19a6197142167f9128ddec61c16735,48.873,2.482,64a63e472e2a91a8af878999101062f5f9dc301dc546fec565b02cf906551d21,107.222,1
la****@example.com,+3364******0,"(72.5, 84.0]",117ada1b5c6736a24218042030536ca86514e216b1bf8cd341b514f3bf0e3a30,48.891,2.414,64a63e472e2a91a8af878999101062f5f9dc301dc546fec565b02cf906551d21,113.163,0
no****@example.com,+3364******1,"(62.0, 72.5]",17b15f1bfe51a350d5470d1200588700e0a5a7c2ebeb430cd6292751103e9509,48.76,2.408,64a63e472e2a91a8af878999101062f5f9dc301dc546fec565b02cf906551d21,64.78,0
lo****@example.com,+3366******8,"(28.0, 38.0]",fc90e8f98706b511c454e22e2a573271ca6e4c8de88bdc33051c3720a2c68a73,48.801,2.321,0e11e91ca499ad89a0b06f1ba87c00b1ccadd0f3c0fcd0ab3956ab4111f09d0b,116.425,0
ch****@example.com,+3369******7,"(72.5, 84.0]",43539c05f0d0135e96e673ef46343154486a666e74bf36cef0de118e3df8956d,48.8,2.273,64a63e472e2a91a8af878999101062f5f9dc301dc546fec565b02cf906551d21,131.862,0
li****@example.com,+3377******7,"(49.0, 62.0]",cdba8ad15fb9009b7169402075d70609d1915065a5b0dce54b2e3035a583c3e6,48.815,2.37,64a63e472e2a91a8af878999101062f5f9dc301dc546fec565b02cf906551d21,194.064,1
lo****@example.com,+3374******0,"(49.0, 62.0]",4799937627144f45798a0c7190d890ba7e8cddc2cf03aa4340772f64b67bcc44,48.852,2.364,64a63e472e2a91a8af878999101062f5f9dc301dc546fec565b02cf906551d21,123.397,0
ar****@example.com,+3372******0,"(62.0, 72.5]",a1acfb1747a67794cd01d58b8765987e1088d1e080115a170b2965a04fe19ca3,48.742,2.231,64a63e472e2a91a8af878999101062f5f9dc301dc546fec565b02cf906551d21,26.728,0
lo****@example.com,+3377******5,"(62.0, 72.5]",406b4e094128ae849c4b0e47ce16d5e9f438daff91b20fa354a9cea91947adbf,48.978,2.236,64a63e472e2a91a8af878999101062f5f9dc301dc546fec565b02cf906551d21,116.27,0
lo****@example.com,+3372******6,"(72.5, 84.0]",2768d965f85b0fa7962cfa30a3d0e0c880baa366dddda9dc9c38b219fd36cbf8,48.733,2.297,774ca929a096f928aa6888a04e9c1f81202ebd8d319f69b940f08dc30b18bd43,229.648,0
ro****@example.com,+3367******8,"(49.0, 62.0]",dc19ff606449acce15d17e35c21f1ddc36fbd132f2b411dc95f1055443e09689,48.844,2.304,774ca929a096f928aa6888a04e9c1f81202ebd8d319f69b940f08dc30b18bd43,154.651,0
an****@example.com,+3368******7,"(49.0, 62.0]",21f3eeec5a431ff25fbfd956bfa6b1da660055204fe18b165293daa49ddec539,48.825,2.234,64a63e472e2a91a8af878999101062f5f9dc301dc546fec565b02cf906551d21,87.563,1
no****@example.com,+3370******6,"(62.0, 72.5]",415dd6a498fd05026fc3de67933563269939d1d004fd1f5da434fb65bc24ceea,48.783,2.468,64a63e472e2a91a8af878999101062f5f9dc301dc546fec565b02cf906551d21,143.589,0
la****@example.com,+3361******9,"(28.0, 38.0]",fe178c8f7f53302b79b60ecb1d24a0206784ee865cb69d2a2fd0a65268aa7408,48.802,2.348,64a63e472e2a91a8af878999101062f5f9dc301dc546fec565b02cf906551d21,90.336,1
ja****@example.com,+3374******1,"(28.0, 38.0]",3050ab6d0bb76c17c6c1d4ff04a72a859db0fe53fceb3cf054e0c2597ec8ffa9,48.796,2.466,64a63e472e2a91a8af878999101062f5f9dc301dc546fec565b02cf906551d21,65.916,0
no****@example.com,+3373******5,"(49.0, 62.0]",ac572799379fa051c6d35a95d536bc65380f6c03be69c801c7c7d3a3e6085abe,48.746,2.37,0e11e91ca499ad89a0b06f1ba87c00b1ccadd0f3c0fcd0ab3956ab4111f09d0b,106.003,1
lu****@example.com,+3374******4,"(15.999, 28.0]",2e329db2262a44d404693baaae2622f8b80a821152ced62dcdac753d1f2fc278,48.913,2.333,64a63e472e2a91a8af878999101062f5f9dc301dc546fec565b02cf906551d21,123.577,0
ra****@example.com,+3370******7,"(28.0, 38.0]",7c813b59846d58978d4417411a0e7c5285f5bfebedc9cb829afecb9da77cbba1,48.956,2.401,0e11e91ca499ad89a0b06f1ba87c00b1ccadd0f3c0fcd0ab3956ab4111f09d0b,45.077,0
ga****@example.com,+3375******5,"(62.0, 72.5]",45bd3df54bdee3c52c09b1e9c3c1bf94f731fc65e47b1a146ea3caaf94a256ab,48.81,2.374,64a63e472e2a91a8af878999101062f5f9dc301dc546fec565b02cf906551d21,73.98,0
li****@example.com,+3378******0,"(72.5, 84.0]",acbd49086e9e60c27da2c26f8e1d57356cae63086289d4d40824f2723b8fdb92,48.826,2.43,64a63e472e2a91a8af878999101062f5f9dc301dc546fec565b02cf906551d21,120.397,0
ja****@example.com,+3371******3,"(49.0, 62.0]",5986b1fb8a74ad5e191c41681a9e533bcb9c1474b63cd34d56e56db5231f9ebc,48.743,2.473,64a63e472e2a91a8af878999101062f5f9dc301dc546fec565b02cf906551d21,103.685,1
ja****@example.com,+3368******4,"(38.0, 49.0]",d6f8cf764a698b868ed0cdb415a20d16c4990aad4a620004eb4b43ad9f321d5c,48.763,2.35,64a63e472e2a91a8af878999101062f5f9dc301dc546fec565b02cf906551d21,135.818,0
no****@example.com,+3362******9,"(38.0, 49.0]",b73251de5314cd59c31644db95dcb68cc12c15da9551921c19c24e10dba6a290,48.929,2.478,8bbb1ad3f859db7395ed5738a633fb0dfbeaabf41f6efcdc5b064aff4cc4e0d4,71.451,1
al****@example.com,+3375******2,"(62.0, 72.5]",2b701d9615173c6271ec1e6f62a0cf226951adb4d297a35785c584515f2dcd74,48.935,2.365,64a63e472e2a91a8af878999101062f5f9dc301dc546fec565b02cf906551d21,148.556,0
al****@example.com,+3378******7,"(49.0, 62.0]",58029875b2c05f6a3d77e3276805ca6054e0251bf2fb986e174de48414f13869,48.825,2.294,0e11e91ca499ad89a0b06f1ba87c00b1ccadd0f3c0fcd0ab3956ab4111f09d0b,72.575,0
lo****@example.com,+3373******6,"(15.999, 28.0]",eb74972533a3127881222b7fa8a61bd71de7d21d815fe71319acf57f63a5cfe3,48.815,2.241,0e11e91ca499ad89a0b06f1ba87c00b1ccadd0f3c0fcd0ab3956ab4111f09d0b,185.681,0
ja****@example.com,+3377******6,"(49.0, 62.0]",056e57d91e8e7bfa06b48dc65f990da364ff90d07b0cec02f49348b6633cc0b4,48.85,2.464,64a63e472e2a91a8af878999101062f5f9dc301dc546fec565b02cf906551d21,51.36,0
la****@example.com,+3377******7,"(38.0, 49.0]",b16294e838de14db7d3730f57bb31d3e6683dc964d3dd53d4296c11e8929c2f8,48.852,2.338,64a63e472e2a91a8af878999101062f5f9dc301dc546fec565b02cf906551d21,76.286,0
la****@example.com,+3375******6,"(62.0, 72.5]",97d97316ad1b5f88236bfddbb3a97138d650e5226836991bb19ebd547d772953,48.845,2.415,64a63e472e2a91a8af878999101062f5f9dc301dc546fec565b02cf906551d21,136.684,0
li****@example.com,+3370******2,"(72.5, 84.0]",aadb60177c6a37bacf0831eb1bcd2640dd63a6f9979e8e6455be8e913c992b3f,48.931,2.148,64a63e472e2a91a8af878999101062f5f9dc301dc546fec565b02cf906551d21,186.571,1
ja****@example.com,+3361******5,"(72.5, 84.0]",624b39225669e475eee1303092c8541f86ae33774c8ade7dbfb956f55ea5275d,48.837,2.204,774ca929a096f928aa6888a04e9c1f81202ebd8d319f69b940f08dc30b18bd43,132.653,0
hu****@example.com,+3360******2,"(49.0, 62.0]",cf805b67c735112c817c89e23acca1181a93548f13294ac10b80eebe63b211e5,48.779,2.435,64a63e472e2a91a8af878999101062f5f9dc301dc546fec565b02cf906551d21,142.501,0
lo****@example.com,+3364******3,"(38.0, 49.0]",39c111617488626afa6fd5c86a67ba4309ffa01cd86fa25203d143d81fecb96f,48.973,2.42,0e11e91ca499ad89a0b06f1ba87c00b1ccadd0f3c0fcd0ab3956ab4111f09d0b,120.637,0
li****@example.com,+3368******8,"(38.0, 49.0]",7d5416a6ca7bc25d0baad9fcdbdfb8e61c737e7a0774d7de21e032fe8394c91b,48.795,2.162,64a63e472e2a91a8af878999101062f5f9dc301dc546fec565b02cf906551d21,78.949,0
hu****@example.com,+3374******2,"(15.999, 28.0]",646d086ec8b2c798fe935f7e8bf762be1b6a42849b7ecf01e98acbc4c58e04c0,48.964,2.43,64a63e472e2a91a8af878999101062f5f9dc301dc546fec565b02cf906551d21,100.376,0
ch****@example.com,+3369******3,"(72.5, 84.0]",0963573a7fe6e695d1f8908bb983ca06a568469be108d66bd8972fb4df132459,48.825,2.317,774ca929a096f928aa6888a04e9c1f81202ebd8d319f69b940f08dc30b18bd43,71.555,0
hu****@example.com,+3360******8,"(72.5, 84.0]",6a2ab855ec6da9a5f9f7f713ae9579fb1f49ef8a0fb18a4f30b0bc874bf8db30,48.747,2.387,64a63e472e2a91a8af878999101062f5f9dc301dc546fec565b02cf906551d21,68.878,0
ga****@example.com,+3364******1,"(72.5, 84.0]",4c2678b4490dbd0adb33d0c8e58422aea94286873991435f332ff5ccb48188c5,48.895,2.403,0e11e91ca499ad89a0b06f1ba87c00b1ccadd0f3c0fcd0ab3956ab4111f09d0b,136.096,0
lu****@example.com,+3379******5,"(28.0, 38.0]",a0e7b4dab5e822f15caf28ba66507acf728652e91f05eff8a0d9ee941272e9e1,48.696,2.344,64a63e472e2a91a8af878999101062f5f9dc301dc546fec565b02cf906551d21,75.08,0
ro****@example.com,+3379******3,"(28.0, 38.0]",43ffb689424301db185bfbd89ad0666b1238c790e927c33220b3eb68fe2d0b11,48.803,2.273,8bbb1ad3f859db7395ed5738a633fb0dfbeaabf41f6efcdc5b064aff4cc4e0d4,132.79,0
lu****@example.com,+3367******5,"(72.5, 84.0]",6854e1d1606029e6268f177502b5ef3054aaa9b33c4d8922e006ceec767a1859,48.893,2.334,0e11e91ca499ad89a0b06f1ba87c00b1ccadd0f3c0fcd0ab3956ab4111f09d0b,67.887,0
hu****@example.com,+3376******4,"(49.0, 62.0]",de301a385d2e5526bce31284f8a182d4f782ccddf90a53c7cc8435b56a278b35,48.792,2.418,0e11e91ca499ad89a0b06f1ba87c00b1ccadd0f3c0fcd0ab3956ab4111f09d0b,131.912,0
hu****@example.com,+3374******5,"(62.0, 72.5]",281236441d82f7fd595b2850df78c20b655582329f6f0eeb97b51cf0364c4964,48.844,2.372,64a63e472e2a91a8af878999101062f5f9dc301dc546fec565b02cf906551d21,100.321,0
an****@example.com,+3378******3,"(38.0, 49.0]",44ba7090a931a9c746d14f53e35e288757a638978a354d43eca6d3419d7b778d,48.767,2.31,0e11e91ca499ad89a0b06f1ba87c00b1ccadd0f3c0fcd0ab3956ab4111f09d0b,176.159,0
em****@example.com,+3377******6,"(38.0, 49.0]",7a1740c70eea1f34b5c669fa8e449b336a93445a49ed550d32d72a192da59402,48.849,2.414,64a63e472e2a91a8af878999101062f5f9dc301dc546fec565b02cf906551d21,132.994,1
ra****@example.com,+3372******5,"(49.0, 62.0]",4cc5312add448c0407f1c7eeb8f66bb265a1ea673bd473b752abaecf29539563,48.805,2.236,774ca929a096f928aa6888a04e9c1f81202ebd8d319f69b940f08dc30b18bd43,169.438,0
ga****@example.com,+3367******7,"(62.0, 72.5]",a2af5342df26a6fdc7f913b21d2d0fd833bf53b4eb0dcf2c6bd5306b82fc9769,48.878,2.476,64a63e472e2a91a8af878999101062f5f9dc301dc546fec565b02cf906551d21,89.8,0
li****@example.com,+3372******9,"(38.0, 49.0]",383a0e4be1c6e847c0762700c7305117af3452c1b8782c95712b1bc3bb2a535a,48.963,2.278,64a63e472e2a91a8af878999101062f5f9dc301dc546fec565b02cf906551d21,122.199,0
ju****@example.com,+3366******7,"(62.0, 72.5]",d0280f2ead5a22c6d4420d1522503f41d7ac085b290430cb676d1ec2835e9a6a,48.941,2.438,64a63e472e2a91a8af878999101062f5f9dc301dc546fec565b02cf906551d21,80.814,0
an****@example.com,+3366******7,"(28.0, 38.0]",80a9d8d8aa2d7ca10f1f21594bf5e234c62e96b75e052ea0e0dc1af225c64ab7,48.839,2.361,64a63e472e2a91a8af878999101062f5f9dc301dc546fec565b02cf906551d21,103.463,0
li****@example.com,+3372******5,"(38.0, 49.0]",180fce9dcaaf9d3327ce698c025e63acd30124ba7fef166633801e8843e091c7,48.9,2.599,64a63e472e2a91a8af878999101062f5f9dc301dc546fec565b02cf906551d21,109.526,1
an****@example.com,+3371******0,"(72.5, 84.0]",71a143d4c650fe84b47c78c122cd46486c333b83992d2fcfb1fff89e88fa5ef4,48.822,2.448,0e11e91ca499ad89a0b06f1ba87c00b1ccadd0f3c0fcd0ab3956ab4111f09d0b,91.014,1
li****@example.com,+3371******4,"(72.5, 84.0]",fd2c05fc6945165d5f01b614f3ec3e3a57abddb65819a51293d18805afef0731,48.782,2.212,64a63e472e2a91a8af878999101062f5f9dc301dc546fec565b02cf906551d21,71.383,0
lo****@example.com,+3367******6,"(72.5, 84.0]",7555affc920cda64e976f26394536a2ca6932eb3fec54a7e6e93baff11abfd6f,48.78,2.352,774ca929a096f928aa6888a04e9c1f81202ebd8d319f69b940f08dc30b18bd43,63.433,0
li****@example.com,+3368******5,"(28.0, 38.0]",416841ead02c6eff1cc240541eb0d0f0b0c2d90429eae1602c243b82cfd78c34,48.776,2.39,64a63e472e2a91a8af878999101062f5f9dc301dc546fec565b02cf906551d21,26.43,0
et****@example.com,+3360******0,"(72.5, 84.0]",ade3209299a09595ec19469371128211fdfc9feb47cdb2301d07d3978e2de727,48.853,2.449,774ca929a096f928aa6888a04e9c1f81202ebd8d319f69b940f08dc30b18bd43,77.749,0
an****@example.com,+3372******0,"(72.5, 84.0]",d95c72c3284d9c10acabfa7c90012c6b04713d3dfc56f4b2607ea3320bbf76ab,48.864,2.442,774ca929a096f928aa6888a04e9c1f81202ebd8d319f69b940f08dc30b18bd43,145.124,0
ro****@example.com,+3371******0,"(72.5, 84.0]",80a04d4487a42b72400ed5898cca6a013602c1478d96aa8b964a88f025860990,48.771,2.343,64a63e472e2a91a8af878999101062f5f9dc301dc546fec565b02cf906551d21,56.022,0
an****@example.com,+3378******2,"(15.999, 28.0]",5dcfa3beff10bf42b6ad42716049c6cdf9a4afc790d0b3aabde433dea9072215,48.845,2.404,774ca929a096f928aa6888a04e9c1f81202ebd8d319f69b940f08dc30b18bd43,65.342,0
li****@example.com,+3370******1,"(62.0, 72.5]",8fdf0de9d4e7c7a338dd93742c6522fc3f3bc48bb44d56e1d5ccbf17c2baa1d4,48.714,2.385,0e11e91ca499ad89a0b06f1ba87c00b1ccadd0f3c0fcd0ab3956ab4111f09d0b,191.711,0
em****@example.com,+3369******0,"(72.5, 84.0]",c7a222336719212425dbd8bba78e9d3ecc5d17ea19717106a316108518a9cead,48.931,2.283,0e11e91ca499ad89a0b06f1ba87c00b1ccadd0f3c0fcd0ab3956ab4111f09d0b,94.471,0
ra****@example.com,+3361******3,"(62.0, 72.5]",f59c499f16d111740296d9cf548558ee2da4aa310edd60653381f04c87cfa832,48.785,2.231,64a63e472e2a91a8af878999101062f5f9dc301dc546fec565b02cf906551d21,132.886,0
hu****@example.com,+3363******5,"(28.0, 38.0]",4a55f8c538fc4ad687cfb2f5a57c197a5354c70fd053f0e608bd312397926d67,48.853,2.403,64a63e472e2a91a8af878999101062f5f9dc301dc546fec565b02cf906551d21,145.798,0
no****@example.com,+3366******5,"(62.0, 72.5]",a6d75387eaabf59ee4ddc162f8d0fad5499edf5d64b6d17a8279791ea70194d2,48.86,2.451,774ca929a096f928aa6888a04e9c1f81202ebd8d319f69b940f08dc30b18bd43,146.519,0
lo****@example.com,+3367******6,"(15.999, 28.0]",7ec83cf42b3c1b4d36b0dc52c9ba42ed15d80c102e1ccccc37422e2af30bf85a,48.908,2.502,64a63e472e2a91a8af878999101062f5f9dc301dc546fec565b02cf906551d21,59.09,0
ar****@example.com,+3367******7,"(38.0, 49.0]",7476c030ef16476182a5707aaca1e24ad0ee18b377ece2d025bc8288ab28b3f0,48.722,2.38,0e11e91ca499ad89a0b06f1ba87c00b1ccadd0f3c0fcd0ab3956ab4111f09d0b,110.745,0
ar****@example.com,+3367******6,"(49.0, 62.0]",6378152e7588a43418518521807b6e21ea81085049abe1865820e4c7fa0f68c6,48.834,2.379,64a63e472e2a91a8af878999101062f5f9dc301dc546fec565b02cf906551d21,55.216,0
ju****@example.com,+3375******9,"(38.0, 49.0]",1f93ef41b849922cd0fc9bbd16854e1254787d66fbff7070f265a71a5c2c680d,48.927,2.348,0e11e91ca499ad89a0b06f1ba87c00b1ccadd0f3c0fcd0ab3956ab4111f09d0b,217.835,0
ga****@example.com,+3362******8,"(62.0, 72.5]",c0d215333b17aeb8e8cc8f6f9fcf2eee6b7f959c680adbd673db7f403d723559,48.825,2.339,64a63e472e2a91a8af878999101062f5f9dc301dc546fec565b02cf906551d21,56.206,0
lo****@example.com,+3366******9,"(28.0, 38.0]",55d10948288ad96ea69c6a77f48cea1ee0071bdbd12f749ac57edd63c419212b,48.89,2.367,64a63e472e2a91a8af878999101062f5f9dc301dc546fec565b02cf906551d21,78.069,0
ra****@example.com,+3363******9,"(49.0, 62.0]",50359c6dbf2a5658004d782840437b5d1bacbbac92b9bbd3d44d3147800997fa,48.924,2.393,8bbb1ad3f859db7395ed5738a633fb0dfbeaabf41f6efcdc5b064aff4cc4e0d4,78.401,0
lo****@example.com,+3366******6,"(49.0, 62.0]",8bb3a9d61da72c7e2dab83c7d34781d90eb1b2ceaba2293f229e5271519d5020,48.707,2.284,0e11e91ca499ad89a0b06f1ba87c00b1ccadd0f3c0fcd0ab3956ab4111f09d0b,60.169,0
em****@example.com,+3373******3,"(49.0, 62.0]",80334b6fc9997727fcf52e27f0dba8ad0de02aed828a2a827e642ac9362ad09a,48.791,2.375,0e11e91ca499ad89a0b06f1ba87c00b1ccadd0f3c0fcd0ab3956ab4111f09d0b,174.106,1
em****@example.com,+3360******4,"(28.0, 38.0]",b2e882ab753cdd0af4a3648d9aef7dac07076c15f4ac03003f432816a449fdb5,48.938,2.284,8bbb1ad3f859db7395ed5738a633fb0dfbeaabf41f6efcdc5b064aff4cc4e0d4,216.925,0
li****@example.com,+3366******0,"(28.0, 38.0]",37de88c267707b94f2c2912d5da2a37d25c69e41189d920a686d18b4126f0ac2,48.778,2.43,64a63e472e2a91a8af878999101062f5f9dc301dc546fec565b02cf906551d21,100.985,1
la****@example.com,+3360******4,"(28.0, 38.0]",590c43364ed4377d8e6de654719b8d793ab67cc93c3e13e9272f22f505abf20e,48.815,2.372,64a63e472e2a91a8af878999101062f5f9dc301dc546fec565b02cf906551d21,67.19,0
ga****@example.com,+3379******7,"(38.0, 49.0]",1c9e44c4738facc45b4cd702fb9329b0af1cf6cbead5b6a2fb56a8b4b8ca5741,48.842,2.268,64a63e472e2a91a8af878999101062f5f9dc301dc546fec565b02cf906551d21,30.497,0
an****@example.com,+3374******7,"(49.0, 62.0]",b7733221787e6630a4fa200fafa5545e804bd933076b89e682ab26a4798ee1d6,48.788,2.401,64a63e472e2a91a8af878999101062f5f9dc301dc546fec565b02cf906551d21,110.207,0
ja****@example.com,+3364******8,"(38.0, 49.0]",3e00b9fd6e941e1ae996f0ffbc157abffa5273dc3e93dd8d1effaca14514b78f,48.876,2.286,64a63e472e2a91a8af878999101062f5f9dc301dc546fec565b02cf906551d21,107.362,0
em****@example.com,+3363******4,"(38.0, 49.0]",26913ae58561f66683da519758caf8c533258d53f900a9fa9960be5e6b6dc93e,48.804,2.433,0e11e91ca499ad89a0b06f1ba87c00b1ccadd0f3c0fcd0ab3956ab4111f09d0b,94.018,0
no****@example.com,+3361******0,"(28.0, 38.0]",cdfaa6ebcbd12c91ae0d3a6922a7712aee8ff3b74aa0f632c10392dc0018687b,48.934,2.266,64a63e472e2a91a8af878999101062f5f9dc301dc546fec565b02cf906551d21,128.713,0
hu****@example.com,+3369******4,"(28.0, 38.0]",1a9bf229876426d2fa380cfc99b5dda7c25313bfd4e4138ae8dc06bf40673ab1,48.765,2.34,64a63e472e2a91a8af878999101062f5f9dc301dc546fec565b02cf906551d21,135.913,0
em****@example.com,+3375******1,"(49.0, 62.0]",344816ee2c37010ca0c9a4c80d78185c66dd24e86390ae985efe6d6b39382b6a,48.773,2.335,64a63e472e2a91a8af878999101062f5f9dc301dc546fec565b02cf906551d21,132.88,0
ra****@example.com,+3371******8,"(62.0, 72.5]",63734a25b911e67144a26d0b7c4b3e4c72efca8466c1a4bbc6c9f53fe8a1c70d,48.78,2.292,64a63e472e2a91a8af878999101062f5f9dc301dc546fec565b02cf906551d21,107.35,0
lo****@example.com,+3377******9,"(28.0, 38.0]",bd75a6afdbf3b6f2f7ed944424f24719f198111f87dabafb1d2538140be245f0,48.984,2.387,64a63e472e2a91a8af878999101062f5f9dc301dc546fec565b02cf906551d21,75.87,0
ju****@example.com,+3366******1,"(72.5, 84.0]",6530973a026f92a50759c70ce65c8f862a0edb6617e6248a94fbd1e70c07e931,48.879,2.409,64a63e472e2a91a8af878999101062f5f9dc301dc546fec565b02cf906551d21,146.611,0
lu****@example.com,+3365******1,"(49.0, 62.0]",566013c2b993bb8ab280f5326294bccd70ccef49f35d71b146278c9716ca7225,48.89,2.323,64a63e472e2a91a8af878999101062f5f9dc301dc546fec565b02cf906551d21,120.511,0
no****@example.com,+3369******6,"(15.999, 28.0]",775bd214fcf8de72a64674bf804e1fa6a07c5277219ecfdfeeeb7c0c9b6f8dcc,48.789,2.277,64a63e472e2a91a8af878999101062f5f9dc301dc546fec565b02cf906551d21,155.488,0
no****@example.com,+3364******0,"(38.0, 49.0]",162e3539aeda803772314a7a46eb00219b2b9cf0fb865710e9567be07391cc27,48.744,2.439,0e11e91ca499ad89a0b06f1ba87c00b1ccadd0f3c0fcd0ab3956ab4111f09d0b,151.608,0
an****@example.com,+3379******3,"(15.999, 28.0]",991c40c1757434a4c0a78edab337302264c1197e97cf75c4caead662e7128018,48.899,2.436,64a63e472e2a91a8af878999101062f5f9dc301dc546fec565b02cf906551d21,63.172,0
la****@example.com,+3363******6,"(15.999, 28.0]",fb238ecd11fcfddda04cebc816fcfcaa78140c01833c5caa690048aeb7110010,48.947,2.413,64a63e472e2a91a8af878999101062f5f9dc301dc546fec565b02cf906551d21,62.608,0
lo****@example.com,+3369******7,"(38.0, 49.0]",509beadd31455f42985ac729de86711de92a87010d7996f1281f4366cb37d94e,49.049,2.53,64a63e472e2a91a8af878999101062f5f9dc301dc546fec565b02cf906551d21,89.808,0
lo****@example.com,+3370******9,"(38.0, 49.0]",7db00dea53a9f19ddb91e349bd99a54a0be3912c4005794845f5ba27f14dfc42,48.79,2.312,64a63e472e2a91a8af878999101062f5f9dc301dc546fec565b02cf906551d21,77.725,0
al****@example.com,+3369******7,"(62.0, 72.5]",38599936948e5ce2be6d7cca7a43b13a8da232df575fc0273bdefaf064618df5,48.925,2.607,64a63e472e2a91a8af878999101062f5f9dc301dc546fec565b02cf906551d21,150.303,0
no****@example.com,+3369******3,"(15.999, 28.0]",20b183208f35fdc2d0a541c1b49ef447ea612d9ed1fad97a7c6a9383f33f08c3,48.752,2.39,8bbb1ad3f859db7395ed5738a633fb0dfbeaabf41f6efcdc5b064aff4cc4e0d4,133.945,0
ga****@example.com,+3365******7,"(72.5, 84.0]",8b13f5121a0d4d5bd418ed711ddc654f5b986d3e0b6e19c1c1d021ac7ac4fa70,48.731,2.475,64a63e472e2a91a8af878999101062f5f9dc301dc546fec565b02cf906551d21,163.944,0
et****@example.com,+3362******3,"(28.0, 38.0]",6ce4ed73c00df31509c8d2ef46e7732a26bdff1ee7ec25b07976560ea3fd76ae,48.926,2.311,64a63e472e2a91a8af878999101062f5f9dc301dc546fec565b02cf906551d21,135.902,0
ju****@example.com,+3360******3,"(15.999, 28.0]",40e594524e34caa07d976c1ab76a5de352906c3d3262f612ecbac85d46f80de0,48.958,2.344,64a63e472e2a91a8af878999101062f5f9dc301dc546fec565b02cf906551d21,128.293,1
mi****@example.com,+3360******3,"(62.0, 72.5]",a2bdd47f90a41b9669f311e7779910b6606531c1c405a576659d81fd00276e96,48.939,2.478,0e11e91ca499ad89a0b06f1ba87c00b1ccadd0f3c0fcd0ab3956ab4111f09d0b,167.962,1
ju****@example.com,+3369******7,"(62.0, 72.5]",af9ed8c3af3bdaa18f422995d776b970ce2802d840387ca356df81ddfe8d3a6d,48.815,2.343,64a63e472e2a91a8af878999101062f5f9dc301dc546fec565b02cf906551d21,138.776,0
ro****@example.com,+3361******8,"(49.0, 62.0]",0260d4dbd8315326f12cac03f8b447a2077556a05b4a268f2c2aa135bdb6759e,48.811,2.528,64a63e472e2a91a8af878999101062f5f9dc301dc546fec565b02cf906551d21,122.712,0
et****@example.com,+3379******8,"(15.999, 28.0]",2e63c606eca53fc6f0a7d92d98cdb9cd8a8defc9c8e9e57851ec730db9f918b3,48.864,2.418,0e11e91ca499ad89a0b06f1ba87c00b1ccadd0f3c0fcd0ab3956ab4111f09d0b,179.306,0
ja****@example.com,+3364******2,"(15.999, 28.0]",6435f7ad57643c28365fd8eafbeb0191e68dbffa0aac964db248576de7a917d7,48.915,2.318,64a63e472e2a91a8af878999101062f5f9dc301dc546fec565b02cf906551d21,124.636,1
no****@example.com,+3373******9,"(38.0, 49.0]",08a98a551f73b83b41ee6d8f7f103ab59ed2035c776a51fa3cf0f9d4716c5178,48.831,2.266,64a63e472e2a91a8af878999101062f5f9dc301dc546fec565b02cf906551d21,107.825,0
ga****@example.com,+3373******7,"(38.0, 49.0]",82ae9ff7e1df3211452ec43636d56bf25675bbd235c3bb7bdc5f37a8560bdfae,48.757,2.33,64a63e472e2a91a8af878999101062f5f9dc301dc546fec565b02cf906551d21,86.484,0
al****@example.com,+3369******0,"(72.5, 84.0]",e5a0a07f46f905e70f8a2c0594c94063e2cbb2b4fe55a52d2e66db62fd087d76,48.849,2.25,64a63e472e2a91a8af878999101062f5f9dc301dc546fec565b02cf906551d21,148.141,0
li****@example.com,+3377******3,"(28.0, 38.0]",cc15ba7dd2701b3f7e6c3d92aa06eb9f75b33a68f382e7ab3e74ac9b7c808cfe,48.915,2.162,8bbb1ad3f859db7395ed5738a633fb0dfbeaabf41f6efcdc5b064aff4cc4e0d4,169.48,0
lo****@example.com,+3362******4,"(28.0, 38.0]",c38cc890b6649da7990993bb8165a27e6d9e31a84cf2103bee9268415a6e6422,48.849,2.25,64a63e472e2a91a8af878999101062f5f9dc301dc546fec565b02cf906551d21,118.034,0
an****@example.com,+3364******4,"(72.5, 84.0]",10a23d1bdb14bd130d4ea1807cbf6be95a1a6a95046d98ebdb6d1631382e15d4,48.903,2.579,64a63e472e2a91a8af878999101062f5f9dc301dc546fec565b02cf906551d21,172.282,1
no****@example.com,+3365******7,"(15.999, 28.0]",12b5669befb90fd30502f538e307680307901f6edf9c081b39a9a36f848e7d04,48.884,2.362,64a63e472e2a91a8af878999101062f5f9dc301dc546fec565b02cf906551d21,41.193,1
ch****@example.com,+3362******4,"(15.999, 28.0]",6bcaf4db181f7fa1088146467310d91cfb6335d7076292bc42e0c398e6502d81,48.851,2.38,64a63e472e2a91a8af878999101062f5f9dc301dc546fec565b02cf906551d21,117.769,0
ro****@example.com,+3365******9,"(38.0, 49.0]",e4de2f6f7c04a623f37ba50dc261aa9b487d7d0187a697502eefa847923cbb7d,48.949,2.227,0e11e91ca499ad89a0b06f1ba87c00b1ccadd0f3c0fcd0ab3956ab4111f09d0b,118.34,0
li****@example.com,+3366******5,"(38.0, 49.0]",8f6bbb763b533da2519706d1a464ef7109b51c0653c89d61bbe4bb1fcb7946c0,48.855,2.398,64a63e472e2a91a8af878999101062f5f9dc301dc546fec565b02cf906551d21,91.0,0
mi****@example.com,+3375******9,"(49.0, 62.0]",b0b22e10226ec797cd99f3614b86e3bd625923e536552713750393e93966d116,48.78,2.443,0e11e91ca499ad89a0b06f1ba87c00b1ccadd0f3c0fcd0ab3956ab4111f09d0b,215.422,0
ju****@example.com,+3366******9,"(72.5, 84.0]",c82cc558cbf7d0d81b140815e76ed17042d0c91e6119d8519872aa76fbe81e4b,48.915,2.487,64a63e472e2a91a8af878999101062f5f9dc301dc546fec565b02cf906551d21,117.32,0
ar****@example.com,+3377******8,"(72.5, 84.0]",710904a5a030f6b35977aa58db39d151460d42e1258da40b432e6cce0e8e1876,48.877,2.465,64a63e472e2a91a8af878999101062f5f9dc301dc546fec565b02cf906551d21,103.683,0
ar****@example.com,+3375******8,"(28.0, 38.0]",8fd0ee01089d29c42fb061cfaab2e6bd181d7e65b1b41e0c50bfc9bd3afa1867,48.926,2.299,64a63e472e2a91a8af878999101062f5f9dc301dc546fec565b02cf906551d21,120.991,1
lu****@example.com,+3378******9,"(72.5, 84.0]",2f68fbe57bc82ad09170dc085360ee519b87fd4e531c2b867adc65d963a7895b,48.847,2.375,0e11e91ca499ad89a0b06f1ba87c00b1ccadd0f3c0fcd0ab3956ab4111f09d0b,39.868,1
ja****@example.com,+3362******4,"(49.0, 62.0]",2748b123897348341c3109bbabc34e4159fbde686c8274e584bb09d704f361d1,48.753,2.278,64a63e472e2a91a8af878999101062f5f9dc301dc546fec565b02cf906551d21,89.673,0
ra****@example.com,+3379******0,"(15.999, 28.0]",dbf07b280d3a7ca4beeb27a1780954b3fe859b71b2ff847bc3fbc991625c3481,48.94,2.257,64a63e472e2a91a8af878999101062f5f9dc301dc546fec565b02cf906551d21,159.258,0
ra****@example.com,+3372******9,"(72.5, 84.0]",d869874d1ec942991139422fc6964cf39de9d72df2e6e5d21123719ea3964136,48.827,2.232,774ca929a096f928aa6888a04e9c1f81202ebd8d319f69b940f08dc30b18bd43,94.937,0
ja****@example.com,+3379******5,"(15.999, 28.0]",98b6dcaa52f6b265dc077ff6282f66c4dede5e9d8d7ef47a55ded7f42d14e97e,48.88,2.334,64a63e472e2a91a8af878999101062f5f9dc301dc546fec565b02cf906551d21,86.803,0
ra****@example.com,+3367******6,"(49.0, 62.0]",65ddecf716e7c28c87365967f7cd9a485cadfd935752afeeaf533d24d88dfeae,48.888,2.38,64a63e472e2a91a8af878999101062f5f9dc301dc546fec565b02cf906551d21,172.404,0
mi****@example.com,+3379******5,"(62.0, 72.5]",9992c3848f8bdf9e4ca27e27fbc1dadb1168f3cbe5a11fc31e142e69f8b70001,48.806,2.398,64a63e472e2a91a8af878999101062f5f9dc301dc546fec565b02cf906551d21,173.646,0
ar****@example.com,+3371******4,"(28.0, 38.0]",d1cedfb1c2b0d36b3ce38b71d585416c8b9575a07b2fc998cdc49c568f768d22,48.902,2.374,0e11e91ca499ad89a0b06f1ba87c00b1ccadd0f3c0fcd0ab3956ab4111f09d0b,140.687,0
al****@example.com,+3368******5,"(28.0, 38.0]",0e14ebfd1ddbdeed4bfec88699bb4dda5034e06cf8a0e9ccd22ab29e41c4fa8b,48.877,2.346,64a63e472e2a91a8af878999101062f5f9dc301dc546fec565b02cf906551d21,101.779,1
al****@example.com,+3362******7,"(38.0, 49.0]",80de9795a552de9a5af3fadfaa75c740bd2c70efeef748f956f38dc1a6ac9c04,48.823,2.496,64a63e472e2a91a8af878999101062f5f9dc301dc546fec565b02cf906551d21,110.432,0
li****@example.com,+3378******0,"(72.5, 84.0]",84001ed0303e6577e5925308a0b6b18efb9932b1c4e4cf78d0a1fc4832bfc3c7,49.106,2.216,64a63e472e2a91a8af878999101062f5f9dc301dc546fec565b02cf906551d21,87.768,0
li****@example.com,+3366******4,"(28.0, 38.0]",a617eb51acd958f79e9955fd6e4c76da19647067816cb9db3431f57889a4f0d4,48.917,2.474,64a63e472e2a91a8af878999101062f5f9dc301dc546fec565b02cf906551d21,80.151,0
et****@example.com,+3364******1,"(49.0, 62.0]",8e4e28e0db05a1609c02c4c5a120a541416cf7f47f005509166090453524ab0a,48.84,2.358,64a63e472e2a91a8af878999101062f5f9dc301dc546fec565b02cf906551d21,78.289,1
al****@example.com,+3371******0,"(38.0, 49.0]",9fd75638c73923a862037fd5273749c47ccb4b0b01c77445ee88fa90e6195a44,48.93,2.361,64a63e472e2a91a8af878999101062f5f9dc301dc546fec565b02cf906551d21,95.296,0
ra****@example.com,+3368******5,"(15.999, 28.0]",87a1ed561a04a7b18400d32dcbb7f4e403d187ac0f4d7d6dec9a2e1b8c924dbb,48.813,2.37,64a63e472e2a91a8af878999101062f5f9dc301dc546fec565b02cf906551d21,78.537,0
al****@example.com,+3361******7,"(62.0, 72.5]",a652a99899ac9269f6e3c16d4fb9c96e461d185cb569f94a9a6a9500b1449bc6,48.948,2.279,64a63e472e2a91a8af878999101062f5f9dc301dc546fec565b02cf906551d21,57.434,0
hu****@example.com,+3376******8,"(72.5, 84.0]",8694d072231aab2f5e4906057971fa7bc8169d7222a47560d687d50e19c460a3,48.714,2.231,0e11e91ca499ad89a0b06f1ba87c00b1ccadd0f3c0fcd0ab3956ab4111f09d0b,128.799,0
mi****@example.com,+3376******0,"(49.0, 62.0]",7c0109080249edf00390991e3279c069aba00092a99685573daf9eef4c4ef55c,48.833,2.251,64a63e472e2a91a8af878999101062f5f9dc301dc546fec565b02cf906551d21,129.415,1
lo****@example.com,+3374******7,"(15.999, 28.0]",88f02f97130ca4320fbdac923138d16f6554bc1cdcc5964d360ebd2241b8fc26,48.883,2.327,64a63e472e2a91a8af878999101062f5f9dc301dc546fec565b02cf906551d21,188.042,0
ar****@example.com,+3372******5,"(15.999, 28.0]",c9c9cb9c5663b27961cfa87158d426851408363052a3b90e8a598cfbd49eba9a,48.928,2.392,0e11e91ca499ad89a0b06f1ba87c00b1ccadd0f3c0fcd0ab3956ab4111f09d0b,93.187,1
et****@example.com,+3368******0,"(38.0, 49.0]",16bcfe6ef6025f3a1cf1ffc87b4c42a013c71702b76ef27d6111dc7a70c05ba3,48.819,2.213,0e11e91ca499ad89a0b06f1ba87c00b1ccadd0f3c0fcd0ab3956ab4111f09d0b,131.861,0
la****@example.com,+3370******9,"(49.0, 62.0]",160e4a6d1be16b8863aa94f932bb1ac9e2de128373379ce6df8444fce35cafa0,48.844,2.287,64a63e472e2a91a8af878999101062f5f9dc301dc546fec565b02cf906551d21,132.531,0
ju****@example.com,+3370******1,"(49.0, 62.0]",179a18139ffc345921377535967768c5c1509b874dd23e64041ead7ae5620977,48.891,2.321,64a63e472e2a91a8af878999101062f5f9dc301dc546fec565b02cf906551d21,109.917,0
la****@example.com,+3363******4,"(28.0, 38.0]",b352b316b2f980658d02a8fe42913857952d047e43c2aea10af9e562d68bc4a5,48.763,2.438,64a63e472e2a91a8af878999101062f5f9dc301dc546fec565b02cf906551d21,149.767,0
no****@example.com,+3361******8,"(49.0, 62.0]",179dfb3512fcbbc0c2e325ed4589958ab6ac31a6c658eb84a6d6fa57bd52746a,48.825,2.247,64a63e472e2a91a8af878999101062f5f9dc301dc546fec565b02cf906551d21,151.021,0
ch****@example.com,+3365******4,"(28.0, 38.0]",bf1fa5bab1dcc6656d8845f61acce7aa03ad70d5f55a4e5069fd516ef4a619c1,48.956,2.184,64a63e472e2a91a8af878999101062f5f9dc301dc546fec565b02cf906551d21,133.061,0
ro****@example.com,+3369******9,"(62.0, 72.5]",7cd3854d7a1def1ffb3b5f1d69d5edee46a2bd11e4fc2cde40cc81903c2fc68b,48.791,2.22,64a63e472e2a91a8af878999101062f5f9dc301dc546fec565b02cf906551d21,109.752,0
li****@example.com,+3363******4,"(62.0, 72.5]",e819e5829862da1488264b1d5bfb71f06fb33db6705b13cd2645fbe50b22accb,48.923,2.416,64a63e472e2a91a8af878999101062f5f9dc301dc546fec565b02cf906551d21,105.679,1
ch****@example.com,+3362******7,"(49.0, 62.0]",8f9e1adb13ec4d195c1f71e47509706e95ea17dc3de18600e08a2c4e9f4fd4a6,48.869,2.309,64a63e472e2a91a8af878999101062f5f9dc301dc546fec565b02cf906551d21,65.232,1
ga****@example.com,+3377******0,"(15.999, 28.0]",7b7d686332e64c387965059e8e167a1c3e770aa7787be633aa6972788d51f053,48.876,2.227,64a63e472e2a91a8af878999101062f5f9dc301dc546fec565b02cf906551d21,87.777,0
la****@example.com,+3367******6,"(72.5, 84.0]",c10d0c6a1df9a223318c46b55dacec0d67266acee3dc86c712aa6a075ab8cf96,48.847,2.418,64a63e472e2a91a8af878999101062f5f9dc301dc546fec565b02cf906551d21,95.149,0
no****@example.com,+3371******1,"(15.999, 28.0]",e760ae00ddd98783c8656d94e63309811d9f158ea74d80a033141c8a19478134,48.86,2.3,64a63e472e2a91a8af878999101062f5f9dc301dc546fec565b02cf906551d21,75.01,0
ra****@example.com,+3370******0,"(72.5, 84.0]",52b2988b615b19fae3e9eb3a8b6f82e2476e3ee7e6cda980c0c82915d3128e11,48.761,2.312,774ca929a096f928aa6888a04e9c1f81202ebd8d319f69b940f08dc30b18bd43,137.561,0
ju****@example.com,+3374******4,"(15.999, 28.0]",349a84ae3eba64a58ac67941389e564c190fa5bcef8ff5416c6eade8151300e2,48.901,2.418,0e11e91ca499ad89a0b06f1ba87c00b1ccadd0f3c0fcd0ab3956ab4111f09d0b,167.911,1
ar****@example.com,+3374******0,"(49.0, 62.0]",0bd810679b4e6ed7143b53489fbbaaf6d20a9a2f563f3316531880e89a9aaf7b,48.839,2.295,64a63e472e2a91a8af878999101062f5f9dc301dc546fec565b02cf906551d21,83.652,0
no****@example.com,+3365******2,"(15.999, 28.0]",1b28edee649afdfb78f6c7ffdd0244b561d0abd3c96ba4959488264e7c2be187,48.844,2.386,64a63e472e2a91a8af878999101062f5f9dc301dc546fec565b02cf906551d21,131.352,0
li****@example.com,+3376******8,"(15.999, 28.0]",7b4a53b82f33b1b81d441f206ba06e4c1c1df1d12a3cc4db8dd4dadf4df0dac3,48.926,2.45,64a63e472e2a91a8af878999101062f5f9dc301dc546fec565b02cf906551d21,78.609,0
ga****@example.com,+3376******9,"(62.0, 72.5]",3ad5be1e75fb899558aac82c10dec9c6fbb7c6015cb7eaccde81a19cec0da439,48.883,2.356,64a63e472e2a91a8af878999101062f5f9dc301dc546fec565b02cf906551d21,107.808,0
ro****@example.com,+3368******2,"(62.0, 72.5]",ec0e2b4ae190eb84e95457304db6a3c1d97158e43b936a6f595137b7ffe57eab,48.704,2.4,774ca929a096f928aa6888a04e9c1f81202ebd8d319f69b940f08dc30b18bd43,92.381,0
ju****@example.com,+3362******4,"(15.999, 28.0]",a245eea059d12597730a956e9a1dd92162214f317a14f551f0678f7ddc5fb533,48.801,2.485,64a63e472e2a91a8af878999101062f5f9dc301dc546fec565b02cf906551d21,143.929,0
lu****@example.com,+3375******3,"(72.5, 84.0]",b30d4ed6c118983b62f39d515d9399b8b8488cebe8fefd86903f33986020084a,48.959,2.329,64a63e472e2a91a8af878999101062f5f9dc301dc546fec565b02cf906551d21,92.828,1
lo****@example.com,+3360******5,"(28.0, 38.0]",0c5d1679907a2770e9400fb2c3f25689f9f6e6e78c3f9b7857dd5352def5c7b8,48.936,2.4,64a63e472e2a91a8af878999101062f5f9dc301dc546fec565b02cf906551d21,160.548,1
ja****@example.com,+3375******6,"(28.0, 38.0]",dacc76079bd2c64ce69f5675584f3fd39e4119272d849fc2c17f55e4c25a3882,48.708,2.308,64a63e472e2a91a8af878999101062f5f9dc301dc546fec565b02cf906551d21,110.183,0
et****@example.com,+3360******7,"(28.0, 38.0]",e6e9a8c241abf5129233dd719524a994f0cdebd1280f2700d7f0d30ec4f5faf7,48.816,2.392,64a63e472e2a91a8af878999101062f5f9dc301dc546fec565b02cf906551d21,94.018,0
lu****@example.com,+3364******5,"(38.0, 49.0]",bf7df81e68c6c10dc37e44c96bbb062d0cb8fd72bd931a9da1b9478825ce3bf4,48.782,2.346,64a63e472e2a91a8af878999101062f5f9dc301dc546fec565b02cf906551d21,69.925,0
lo****@example.com,+3372******2,"(15.999, 28.0]",b25cda103bd401f18a21295646dfe0c49e517c8efb5b54626d8591392cf80cea,48.883,2.389,8bbb1ad3f859db7395ed5738a633fb0dfbeaabf41f6efcdc5b064aff4cc4e0d4,130.13,0
li****@example.com,+3378******0,"(38.0, 49.0]",6813ce428ab0a6a7f9de5f5b7428ae3e80ed7edcbb4949fbda25026798191f4b,48.842,2.274,64a63e472e2a91a8af878999101062f5f9dc301dc546fec565b02cf906551d21,155.82,0
mi****@example.com,+3368******1,"(28.0, 38.0]",098656617a9cd50c4d20d755d9aa7f2922351143b35f25ae1798b7433d42181d,48.892,2.382,64a63e472e2a91a8af878999101062f5f9dc301dc546fec565b02cf906551d21,130.838,1
ga****@example.com,+3362******7,"(15.999, 28.0]",3b6cfb0f9a0d83b0c19957808acb4b28a56712267055734e26073c61889a007d,48.797,2.252,64a63e472e2a91a8af878999101062f5f9dc301dc546fec565b02cf906551d21,209.54,0
no****@example.com,+3364******9,"(38.0, 49.0]",13036eea412b0fb2d750eabb975a3e23b7005ddc50df8f6744e7da516daab00c,48.847,2.511,64a63e472e2a91a8af878999101062f5f9dc301dc546fec565b02cf906551d21,177.183,0
la****@example.com,+3377******5,"(49.0, 62.0]",a6d75387eaabf59ee4ddc162f8d0fad5499edf5d64b6d17a8279791ea70194d2,48.836,2.467,64a63e472e2a91a8af878999101062f5f9dc301dc546fec565b02cf906551d21,107.707,0
ja****@example.com,+3374******9,"(62.0, 72.5]",0df59a4457080d9e98b02470cd4babd0731ce050fa988aafdfe220e3fea9aa04,48.75,2.194,64a63e472e2a91a8af878999101062f5f9dc301dc546fec565b02cf906551d21,107.362,0
lo****@example.com,+3362******8,"(38.0, 49.0]",39eda0a66ba579d66d58e2e3eef64fa7414fc105040e959f82ca2c17241d4d5d,48.929,2.408,774ca929a096f928aa6888a04e9c1f81202ebd8d319f69b940f08dc30b18bd43,138.739,0
ju****@example.com,+3367******6,"(28.0, 38.0]",2befd45011f3e9ece2d8fa23cf37a06f2e2a07ef30864fcd16bcda2678faf11b,48.907,2.538,64a63e472e2a91a8af878999101062f5f9dc301dc546fec565b02cf906551d21,86.467,0
ju****@example.com,+3365******1,"(62.0, 72.5]",2076cbf4a28a4676e5a950d2d014524dd715613cadb085a43931e7544f8ba0f7,48.88,2.369,64a63e472e2a91a8af878999101062f5f9dc301dc546fec565b02cf906551d21,166.641,0
em****@example.com,+3363******4,"(62.0, 72.5]",a9d80f03997ce16c15b85299c6b992629de8177b0e9106523257b9b19c152d6f,48.651,2.5,64a63e472e2a91a8af878999101062f5f9dc301dc546fec565b02cf906551d21,134.424,0
ju****@example.com,+3376******6,"(72.5, 84.0]",3862c3d6ef23a4a195b85ded507b4a2f4b5e68e39a44c517ac2390b666d0a6e1,48.906,2.365,64a63e472e2a91a8af878999101062f5f9dc301dc546fec565b02cf906551d21,130.172,0
et****@example.com,+3372******7,"(72.5, 84.0]",c1795192b6f13bcb869f9d746f27754af9263e971c658cdbe7594679dd6d8409,48.818,2.24,64a63e472e2a91a8af878999101062f5f9dc301dc546fec565b02cf906551d21,147.498,0
ga****@example.com,+3363******4,"(62.0, 72.5]",bf13e816e8cd3ac6964cdc4bb29a654dbd7590b95a24a4817cfff97a7c4d7347,48.692,2.192,0e11e91ca499ad89a0b06f1ba87c00b1ccadd0f3c0fcd0ab3956ab4111f09d0b,188.823,0
em****@example.com,+3373******0,"(72.5, 84.0]",2bf0e0ed4c166c5456266bd81e4ab2ca7acb584c4f710d465dd30a3024e7c82d,48.994,2.386,64a63e472e2a91a8af878999101062f5f9dc301dc546fec565b02cf906551d21,126.881,0
ga****@example.com,+3368******5,"(38.0, 49.0]",2dab16a2d5989416f5365057afa2b1fb9079f50f5b5f8dca3502de36d255b790,48.838,2.3,64a63e472e2a91a8af878999101062f5f9dc301dc546fec565b02cf906551d21,115.463,0
lo****@example.com,+3361******3,"(38.0, 49.0]",16142a1fdd9b02cc5a72182427cae39e60273c19919849cbe35e7a86c683b882,48.994,2.301,64a63e472e2a91a8af878999101062f5f9dc301dc546fec565b02cf906551d21,180.391,1
et****@example.com,+3368******9,"(28.0, 38.0]",4e5c59afd6df7e23cf5b0e0e852662a82c181dbb10341ae1f2953731c9f8b924,48.932,2.365,64a63e472e2a91a8af878999101062f5f9dc301dc546fec565b02cf906551d21,158.651,0
hu****@example.com,+3363******3,"(28.0, 38.0]",1cb0797f32d9105976a9f1ffcd172e5f99bfdfe1a5d2b1f6e975bfa682a43d23,48.787,2.338,64a63e472e2a91a8af878999101062f5f9dc301dc546fec565b02cf906551d21,107.232,0
la****@example.com,+3364******4,"(62.0, 72.5]",2d1da6a4417e904f8b18cd680939275063f1624baef628592879b005e52661cd,49.043,2.229,64a63e472e2a91a8af878999101062f5f9dc301dc546fec565b02cf906551d21,120.219,0
lo****@example.com,+3377******8,"(62.0, 72.5]",c3834d652744eaca408f1587fbdf084febb70c76a990bd2fef60653d295f4250,48.77,2.342,64a63e472e2a91a8af878999101062f5f9dc301dc546fec565b02cf906551d21,127.75,0
hu****@example.com,+3374******9,"(62.0, 72.5]",a73ee4645787d5ecc032607cd0f2be71032b01199ba3e77c7b5c6545afb7528b,48.886,2.491,64a63e472e2a91a8af878999101062f5f9dc301dc546fec565b02cf906551d21,134.378,0
an****@example.com,+3362******0,"(15.999, 28.0]",432aa9a9e74c862a5a49382709a3583fc340c43b9ea38cc6a38ea1a9a0ddeab9,48.905,2.241,774ca929a096f928aa6888a04e9c1f81202ebd8d319f69b940f08dc30b18bd43,65.819,0
ra****@example.com,+3377******9,"(38.0, 49.0]",cd712c2203cf6bac77e55a4279d5c641f3ee65ac40647a374fb7a9f69ad3246c,48.847,2.408,0e11e91ca499ad89a0b06f1ba87c00b1ccadd0f3c0fcd0ab3956ab4111f09d0b,58.345,0
li****@example.com,+3371******9,"(28.0, 38.0]",c4c26a4626ee59c0288bf6c6198c4f3169c525502aa380ec8e61f91b1bd4f37e,48.788,2.348,774ca929a096f928aa6888a04e9c1f81202ebd8d319f69b940f08dc30b18bd43,84.502,0
ch****@example.com,+3377******7,"(72.5, 84.0]",1c4342a9f7ab2986c7bc645ba016188878760967b8f034ffc645037fa822122a,48.833,2.351,8bbb1ad3f859db7395ed5738a633fb0dfbeaabf41f6efcdc5b064aff4cc4e0d4,81.385,0
et****@example.com,+3374******9,"(28.0, 38.0]",33cc3492b96927abf77b89179d7232b93b5215d2f6e80de22a56caa6208d17d1,48.914,2.507,774ca929a096f928aa6888a04e9c1f81202ebd8d319f69b940f08dc30b18bd43,94.287,0
la****@example.com,+3366******8,"(15.999, 28.0]",c6a5dc509c97b6aa60cc699eef02659f4aad4284e4ad2e564e0f82a950832712,48.886,2.498,0e11e91ca499ad89a0b06f1ba87c00b1ccadd0f3c0fcd0ab3956ab4111f09d0b,145.435,1
et****@example.com,+3370******0,"(49.0, 62.0]",d28b045e44ba83933b60d5e5af219629963e6ebd09457cf23db228779cd11377,48.84,2.449,0e11e91ca499ad89a0b06f1ba87c00b1ccadd0f3c0fcd0ab3956ab4111f09d0b,113.284,0
la****@example.com,+3370******8,"(72.5, 84.0]",55c71bb8da1f66724ff098201268d1b8ee986611d2ba0a6283f06504e7b8df60,48.873,2.299,774ca929a096f928aa6888a04e9c1f81202ebd8d319f69b940f08dc30b18bd43,127.922,0
lo****@example.com,+3374******3,"(72.5, 84.0]",dae9e7efede63f67a4ba604909df71a68449e262afcdb194f1fe6e30d169f6cf,48.815,2.42,0e11e91ca499ad89a0b06f1ba87c00b1ccadd0f3c0fcd0ab3956ab4111f09d0b,71.062,0
em****@example.com,+3364******0,"(15.999, 28.0]",77345cc391be09a06ff2e5effe4a0784b23e662511a65f2eeff6385958a2f37e,48.882,2.317,0e11e91ca499ad89a0b06f1ba87c00b1ccadd0f3c0fcd0ab3956ab4111f09d0b,101.586,0
lo****@example.com,+3366******5,"(28.0, 38.0]",5fc7ea6d0f1badab001501883e59afc6fcab956df51c1bafe1f7554fa1a03179,48.819,2.38,64a63e472e2a91a8af878999101062f5f9dc301dc546fec565b02cf906551d21,143.503,0
ro****@example.com,+3364******0,"(15.999, 28.0]",88ec89cbc6bdf9e03535d4fff4aa60f18423301757191237ebc3e9e46a4c12e3,48.902,2.414,64a63e472e2a91a8af878999101062f5f9dc301dc546fec565b02cf906551d21,143.713,0
ga****@example.com,+3365******7,"(28.0, 38.0]",06863297eee8605fb6b094217e088d6a012691a26e2d5d41c3d6e0eee1eaca76,48.919,2.401,64a63e472e2a91a8af878999101062f5f9dc301dc546fec565b02cf906551d21,91.038,0
lu****@example.com,+3363******2,"(49.0, 62.0]",c47e1deaab85fe6c60e9592810f75b17b7ef93e30691fa064eaf8343e897669b,48.821,2.431,0e11e91ca499ad89a0b06f1ba87c00b1ccadd0f3c0fcd0ab3956ab4111f09d0b,126.432,0
lu****@example.com,+3360******8,"(28.0, 38.0]",a22b1efc3b747d8b65a52c93725e2cbf0294ad0643a340efb789885d271bb648,48.853,2.363,64a63e472e2a91a8af878999101062f5f9dc301dc546fec565b02cf906551d21,207.98,0
ga****@example.com,+3378******1,"(15.999, 28.0]",6f84f0ae87527169faa8990cbd389ede5554e1d9a96d38bc0c705c79d2bd8371,48.88,2.267,0e11e91ca499ad89a0b06f1ba87c00b1ccadd0f3c0fcd0ab3956ab4111f09d0b,119.203,0
mi****@example.com,+3361******8,"(49.0, 62.0]",78fd66f79fa835c2d736fec10fd2be0c8403523fdcd2af92c2c06c70c626da24,48.977,2.399,774ca929a096f928aa6888a04e9c1f81202ebd8d319f69b940f08dc30b18bd43,92.291,0
hu****@example.com,+3377******4,"(15.999, 28.0]",e197f760c71d083240c6f5d72332b6459558014fb9b4f8ef2c8b85e570d2f154,48.913,2.36,8bbb1ad3f859db7395ed5738a633fb0dfbeaabf41f6efcdc5b064aff4cc4e0d4,113.083,0
ja****@example.com,+3360******1,"(28.0, 38.0]",80f74099d0ad3b17d407d45cb88578fc57bc611ad8e738b8ca9b374d13d40324,48.847,2.502,64a63e472e2a91a8af878999101062f5f9dc301dc546fec565b02cf906551d21,123.756,0
ja****@example.com,+3375******1,"(15.999, 28.0]",b85c2a2b23c6bc5339b73c0718601fa16182ac110b81b58538420f2ad737eb68,48.886,2.346,774ca929a096f928aa6888a04e9c1f81202ebd8d319f69b940f08dc30b18bd43,114.022,1
ga****@example.com,+3366******8,"(15.999, 28.0]",2507dd5cf2fc95c65ee97f75237620445c490d370b6b0795d122cc2db34bed8a,48.919,2.145,774ca929a096f928aa6888a04e9c1f81202ebd8d319f69b940f08dc30b18bd43,118.708,0
lu****@example.com,+3370******3,"(38.0, 49.0]",61c0474dc4e9828214d634e4e4011e8ef9944fd79c41d98c52374e4df24c1f2e,48.877,2.46,0e11e91ca499ad89a0b06f1ba87c00b1ccadd0f3c0fcd0ab3956ab4111f09d0b,62.17,0
li****@example.com,+3365******6,"(72.5, 84.0]",ccd1689eb1f732ed32227e2fd31caa19f045bbc3add4c7bffd8858dd123803c3,48.88,2.237,0e11e91ca499ad89a0b06f1ba87c00b1ccadd0f3c0fcd0ab3956ab4111f09d0b,81.549,0
ra****@example.com,+3369******2,"(62.0, 72.5]",abae3b4a3dee6042b81c40f0ed218072b873da96e00be56f6b10bd4152325026,48.954,2.333,64a63e472e2a91a8af878999101062f5f9dc301dc546fec565b02cf906551d21,114.095,0
ra****@example.com,+3369******8,"(15.999, 28.0]",64bc3d91ddb21288f784bfc9817fedede6cc298f7e2a207c89e9fbb68f765b5f,48.817,2.335,64a63e472e2a91a8af878999101062f5f9dc301dc546fec565b02cf906551d21,113.363,1
mi****@example.com,+3370******2,"(15.999, 28.0]",4edf7bc56d7f152b46d8256c8cd7d6c0f3c3eed8917532f83bc78fc07284fd30,48.903,2.414,64a63e472e2a91a8af878999101062f5f9dc301dc546fec565b02cf906551d21,97.274,0
li****@example.com,+3367******8,"(38.0, 49.0]",4efcf372b333a128f6c2712c9cf70dd5404ae76fcd34d4938bfa15407c1f1da7,48.907,2.214,8bbb1ad3f859db7395ed5738a633fb0dfbeaabf41f6efcdc5b064aff4cc4e0d4,112.866,0
et****@example.com,+3370******2,"(49.0, 62.0]",a3e34e5cc4d428fd99dc8412ffbb153a159ec30b72e2f94419cb595d8978e3d0,48.811,2.33,64a63e472e2a91a8af878999101062f5f9dc301dc546fec565b02cf906551d21,122.502,0
et****@example.com,+3376******9,"(62.0, 72.5]",a0a29afaa1fa839c0b4c227c7847a9a992516df8de3e67f24a3c7f943b21e0dc,48.811,2.305,774ca929a096f928aa6888a04e9c1f81202ebd8d319f69b940f08dc30b18bd43,155.493,1
lo****@example.com,+3368******6,"(62.0, 72.5]",ea43cebd8014fa0cc54ea64b737cfc33c12cf63f740c1f4845544cefec3fadf1,48.982,2.163,774ca929a096f928aa6888a04e9c1f81202ebd8d319f69b940f08dc30b18bd43,116.094,0
ro****@example.com,+3367******7,"(38.0, 49.0]",45adb3976fd5f0a3e7982b1fd74a88316e023725abef1d9c5782e897c1ecf91e,48.793,2.349,64a63e472e2a91a8af878999101062f5f9dc301dc546fec565b02cf906551d21,135.86,0
li****@example.com,+3362******6,"(15.999, 28.0]",3af57bf00518792de7b547255fb932ad21814d7765a07a6a57e03a64bd6492ae,48.992,2.438,64a63e472e2a91a8af878999101062f5f9dc301dc546fec565b02cf906551d21,98.239,0
ch****@example.com,+3367******2,"(15.999, 28.0]",5ae54d3998c8d645f8cb206ab0794f72f8f6788ef8a679c68135a3625b4462cf,48.785,2.387,64a63e472e2a91a8af878999101062f5f9dc301dc546fec565b02cf906551d21,142.926,0
lo****@example.com,+3362******0,"(15.999, 28.0]",8e943b5e008415861f4331e70133644fa7e5ea7288c46272de4b48c17e3e5c77,48.778,2.423,0e11e91ca499ad89a0b06f1ba87c00b1ccadd0f3c0fcd0ab3956ab4111f09d0b,134.975,0
li****@example.com,+3363******0,"(15.999, 28.0]",a5983a19546160a1a410e6a4c635d238241920db393c0fce868c1a7847821139,48.884,2.153,64a63e472e2a91a8af878999101062f5f9dc301dc546fec565b02cf906551d21,154.654,0
hu****@example.com,+3379******2,"(72.5, 84.0]",458979b160eac35ad08f445e0a14ead22b0f562cb390dea77003d66399fd5bd9,48.896,2.389,64a63e472e2a91a8af878999101062f5f9dc301dc546fec565b02cf906551d21,148.519,0
lo****@example.com,+3361******0,"(28.0, 38.0]",55490c14308b965c1b8f7fe76d9ead9934f950c239d44e1d9717f1a5c37576c9,48.872,2.332,774ca929a096f928aa6888a04e9c1f81202ebd8d319f69b940f08dc30b18bd43,143.547,0
an****@example.com,+3369******1,"(62.0, 72.5]",b89654d3c37b5c0e715546af3e3532496e7d57bd22ebb9b089d65c27d2e2dc69,48.95,2.237,64a63e472e2a91a8af878999101062f5f9dc301dc546fec565b02cf906551d21,116.101,0
ja****@example.com,+3376******6,"(49.0, 62.0]",6c15c7bcc954359b2baad46c2c3074133804e1425b8258386fbd5b452f449b12,48.735,2.41,0e11e91ca499ad89a0b06f1ba87c00b1ccadd0f3c0fcd0ab3956ab4111f09d0b,129.796,0
ro****@example.com,+3379******3,"(49.0, 62.0]",574ba473c06faa60f889db8cf9eff8e3f458793e396319193bf4061aa17c8a0b,48.803,2.285,64a63e472e2a91a8af878999101062f5f9dc301dc546fec565b02cf906551d21,162.533,0
hu****@example.com,+3362******2,"(38.0, 49.0]",fae3692812699c7db6ab6bac9768c3cd48924ef01e9962454ab5b1e38171652d,48.708,2.317,64a63e472e2a91a8af878999101062f5f9dc301dc546fec565b02cf906551d21,93.897,0
et****@example.com,+3363******5,"(62.0, 72.5]",14c8efbfa3413276c5f5a41f585ec9566866e2095238154faa45eceae211d8b8,48.691,2.336,64a63e472e2a91a8af878999101062f5f9dc301dc546fec565b02cf906551d21,94.889,0
lu****@example.com,+3367******6,"(15.999, 28.0]",30883d2634353534fc9ca74dc187924f88881eee388d7ef7f64c95e5f36a8e4f,48.907,2.263,64a63e472e2a91a8af878999101062f5f9dc301dc546fec565b02cf906551d21,127.264,1
ra****@example.com,+3371******9,"(15.999, 28.0]",8f67a203c1008c047c4070c61e123443421b2f6c5900877dc87bde7f80a8ef80,48.742,2.209,64a63e472e2a91a8af878999101062f5f9dc301dc546fec565b02cf906551d21,136.615,0
mi****@example.com,+3379******1,"(38.0, 49.0]",36ee673d7ee12d79c2370053227e50014b133db5402f453125e491373fe5a761,48.793,2.441,774ca929a096f928aa6888a04e9c1f81202ebd8d319f69b940f08dc30b18bd43,87.076,0
ro****@example.com,+3364******0,"(38.0, 49.0]",d59d3378af6bfb31a37e907458fed7f3e8d959b319281a0dda01563c28425842,48.857,2.182,64a63e472e2a91a8af878999101062f5f9dc301dc546fec565b02cf906551d21,116.964,1
ra****@example.com,+3363******8,"(49.0, 62.0]",b2239b858ea8b9f20a60c363c40c68577edc4aade7bd7e2f8718e947c17cbb3c,48.918,2.29,64a63e472e2a91a8af878999101062f5f9dc301dc546fec565b02cf906551d21,116.141,0
lo****@example.com,+3365******0,"(62.0, 72.5]",765479cd86318bfb25906f87f7c1b62040309d6ff0c427ddf20af74769d914cc,48.939,2.377,64a63e472e2a91a8af878999101062f5f9dc301dc546fec565b02cf906551d21,31.425,0
ro****@example.com,+3377******5,"(49.0, 62.0]",6db5f8164697e558b566077ab167e4975351a81c9891ef163b095c4a01ae8f46,48.899,2.505,64a63e472e2a91a8af878999101062f5f9dc301dc546fec565b02cf906551d21,111.269,0
ar****@example.com,+3360******5,"(28.0, 38.0]",fff4c27343c6fd31493b4af5ba664a7a8bcb063b5e0fedc2e4d8519b681875ae,48.928,2.407,0e11e91ca499ad89a0b06f1ba87c00b1ccadd0f3c0fcd0ab3956ab4111f09d0b,113.749,0
mi****@example.com,+3367******3,"(28.0, 38.0]",6567143ab8681883a9cbda0f36f07b6525f19281eb6751a97b84829679e40659,48.925,2.35,64a63e472e2a91a8af878999101062f5f9dc301dc546fec565b02cf906551d21,113.662,0
ro****@example.com,+3363******0,"(62.0, 72.5]",28bc16906cdf5cef6aa32058fb64698675526cac1b5b037c176fd3f08d46bdee,48.936,2.493,8bbb1ad3f859db7395ed5738a633fb0dfbeaabf41f6efcdc5b064aff4cc4e0d4,176.651,0
li****@example.com,+3378******0,"(28.0, 38.0]",9340e9a36f9f3d31127689feb659db49ffa23ab395001b708ada32367558b007,48.902,2.247,64a63e472e2a91a8af878999101062f5f9dc301dc546fec565b02cf906551d21,71.299,0
et****@example.com,+3360******3,"(49.0, 62.0]",4f514d3e1cf8a1654c8168e77a0aba2151e3c5e8234f9b129136b6982c2341d1,48.787,2.309,64a63e472e2a91a8af878999101062f5f9dc301dc546fec565b02cf906551d21,87.046,1
an****@example.com,+3366******7,"(49.0, 62.0]",bfeb4005af5318439206284079d76320ac4103a24f8056215929adc8294f5700,48.788,2.199,64a63e472e2a91a8af878999101062f5f9dc301dc546fec565b02cf906551d21,15.487,0
an****@example.com,+3378******2,"(62.0, 72.5]",e2484c81e6fa491f87273268c582db1d3405bafb6413f9acbd1e3b4dadb3df2e,48.81,2.424,64a63e472e2a91a8af878999101062f5f9dc301dc546fec565b02cf906551d21,100.736,0
et****@example.com,+3372******1,"(62.0, 72.5]",a24b15db67176c297300b9b861723bdeb80e11831881525adb110c8070d85ffb,48.788,2.336,774ca929a096f928aa6888a04e9c1f81202ebd8d319f69b940f08dc30b18bd43,104.192,1
mi****@example.com,+3361******0,"(38.0, 49.0]",92d2855818195930c35275565f7883cadefb8007f7e2c2f37a73a19400aa77bd,48.857,2.221,64a63e472e2a91a8af878999101062f5f9dc301dc546fec565b02cf906551d21,99.641,0
lo****@example.com,+3369******5,"(28.0, 38.0]",b9039c934afc9968219274d90cbd57a3117eb7eb472280324d0aa6fd45b4d661,48.896,2.395,64a63e472e2a91a8af878999101062f5f9dc301dc546fec565b02cf906551d21,164.245,1
ro****@example.com,+3379******5,"(38.0, 49.0]",a1015e88906ce31f461bf4dd72d844cdadefecdee28931bd739d163e38800956,48.923,2.29,64a63e472e2a91a8af878999101062f5f9dc301dc546fec565b02cf906551d21,154.404,0
li****@example.com,+3368******8,"(38.0, 49.0]",982f9e461ef31f086a1f3b617ebc7761d7ef340b6ae877c476963a4494b618a8,48.936,2.262,64a63e472e2a91a8af878999101062f5f9dc301dc546fec565b02cf906551d21,123.031,0
li****@example.com,+3370******8,"(28.0, 38.0]",194045222f42a6eb57709438da33eea77d174395de948d116c68b24028bac649,48.909,2.359,0e11e91ca499ad89a0b06f1ba87c00b1ccadd0f3c0fcd0ab3956ab4111f09d0b,105.253,0
al****@example.com,+3370******7,"(49.0, 62.0]",101ba2e78c641ffe847429558db822f7a7085c1cc61d26680640b7b3d63de315,48.813,2.246,8bbb1ad3f859db7395ed5738a633fb0dfbeaabf41f6efcdc5b064aff4cc4e0d4,161.004,0
li****@example.com,+3373******4,"(28.0, 38.0]",96d6c528689c3eb50b10c34077fce2146f276a58705e8c2cfe490cc1314963cf,48.799,2.375,64a63e472e2a91a8af878999101062f5f9dc301dc546fec565b02cf906551d21,119.224,0
hu****@example.com,+3363******8,"(49.0, 62.0]",17792195f538eab0c5eb88a5d3038ba57047eebce6dddd0af75180e190e21a11,48.929,2.348,0e11e91ca499ad89a0b06f1ba87c00b1ccadd0f3c0fcd0ab3956ab4111f09d0b,87.341,1
la****@example.com,+3376******6,"(62.0, 72.5]",b434c4bd52af7a73c3f1c2777bcb67946eed1831f612f77310495878b550e56e,48.905,2.407,774ca929a096f928aa6888a04e9c1f81202ebd8d319f69b940f08dc30b18bd43,51.364,1
hu****@example.com,+3379******8,"(72.5, 84.0]",2f796c3b53dab2f02d544019d725954ac213cf3a2e409f2b3e131c0104a45fef,48.782,2.247,64a63e472e2a91a8af878999101062f5f9dc301dc546fec565b02cf906551d21,102.405,0
lu****@example.com,+3362******0,"(15.999, 28.0]",e19fc3453f795534a210e8c42b91142b84f12312dfee763a81a3a41306621c64,48.872,2.348,774ca929a096f928aa6888a04e9c1f81202ebd8d319f69b940f08dc30b18bd43,150.139,0
lo****@example.com,+3376******2,"(62.0, 72.5]",b099760d0c7c68265ab3b12b9513e83020a1c2f7e605593348f2f7c579b8eaa5,48.788,2.452,64a63e472e2a91a8af878999101062f5f9dc301dc546fec565b02cf906551d21,211.056,0
li****@example.com,+3376******1,"(15.999, 28.0]",d15fda72b9bd0648f2c8365a5f1b9dad4da4d94d6f15791a3de05b8005547ac1,48.721,2.437,774ca929a096f928aa6888a04e9c1f81202ebd8d319f69b940f08dc30b18bd43,122.421,1
ch****@example.com,+3374******5,"(38.0, 49.0]",3971ac5d80c503b8d8873c2bb274326bcdadf007c531b79cb1ff3b18ad810d1b,48.987,2.407,8bbb1ad3f859db7395ed5738a633fb0dfbeaabf41f6efcdc5b064aff4cc4e0d4,89.397,0
et****@example.com,+3367******1,"(15.999, 28.0]",58c578a09c698ff1f7962eae965ef2e6c20922f271eb0f12e4d0e9e5bcd7947d,48.837,2.479,64a63e472e2a91a8af878999101062f5f9dc301dc546fec565b02cf906551d21,72.562,1
al****@example.com,+3369******8,"(15.999, 28.0]",4344e8df0600e6ab669f9cb23894d706a4fe188420d08c390e64ae22a85372ff,48.75,2.544,0e11e91ca499ad89a0b06f1ba87c00b1ccadd0f3c0fcd0ab3956ab4111f09d0b,142.012,0
hu****@example.com,+3376******7,"(15.999, 28.0]",5660cb9ee1e0650ec6d9e640b420c1a2b0d585951d531c5e24fd4f44b31ee316,48.844,2.296,0e11e91ca499ad89a0b06f1ba87c00b1ccadd0f3c0fcd0ab3956ab4111f09d0b,49.399,0
ro****@example.com,+3363******4,"(15.999, 28.0]",5f2f126a37062eba4735772449799e9c7a90d841b37ff7486c65b484bfcf6ba8,48.836,2.297,64a63e472e2a91a8af878999101062f5f9dc301dc546fec565b02cf906551d21,142.103,0
ja****@example.com,+3376******5,"(62.0, 72.5]",bec2316ec3a5706c5e07e3dc1fcbd688f6c3e9871631e8081da1d76a163cf3be,48.857,2.322,64a63e472e2a91a8af878999101062f5f9dc301dc546fec565b02cf906551d21,152.652,0
li****@example.com,+3378******0,"(15.999, 28.0]",8f62771575342eee3b4ee4b5006faf2e1608834a6d684c973d238fc32e312d2a,48.899,2.267,0e11e91ca499ad89a0b06f1ba87c00b1ccadd0f3c0fcd0ab3956ab4111f09d0b,137.454,0
lo****@example.com,+3373******2,"(38.0, 49.0]",c7c812f77be36dc1c4439a3bff33ab318fda5691a4c609f9fbdfec4876047f9e,48.892,2.33,8bbb1ad3f859db7395ed5738a633fb0dfbeaabf41f6efcdc5b064aff4cc4e0d4,111.195,1
la****@example.com,+3366******3,"(62.0, 72.5]",0628d3286a45f47468ed0cadf06755d805d75468da0146f3d1d0969256259b0c,48.815,2.292,64a63e472e2a91a8af878999101062f5f9dc301dc546fec565b02cf906551d21,142.61,0
li****@example.com,+3371******5,"(72.5, 84.0]",8c567ff5a1c479d8b592961a7a9cf21caf651d353fac3c0ab811d724f8409bb7,48.921,2.495,64a63e472e2a91a8af878999101062f5f9dc301dc546fec565b02cf906551d21,126.838,0
ro****@example.com,+3361******7,"(72.5, 84.0]",a211fa5bd786a460d021e62b59b58e404469b3c05372535c96076e137f4d915c,48.823,2.254,64a63e472e2a91a8af878999101062f5f9dc301dc546fec565b02cf906551d21,88.916,0
ju****@example.com,+3378******7,"(15.999, 28.0]",94ac61fc9e77cf21df58d1c0788f22fb0a6a9d6d1af9e3c8ea9c752eded6e280,48.689,2.258,64a63e472e2a91a8af878999101062f5f9dc301dc546fec565b02cf906551d21,193.999,0
ra****@example.com,+3366******4,"(72.5, 84.0]",b39fb2ffd1182f691448ab4c694115bb5fac11fa165fdcd6a1343a4b0f7c8eec,48.83,2.34,64a63e472e2a91a8af878999101062f5f9dc301dc546fec565b02cf906551d21,105.964,0
hu****@example.com,+3361******0,"(49.0, 62.0]",7bf7ea9f9bf75850ac3cb4b0ee57629a4053a210df25a1c5d9e20920f0ceaa99,48.894,2.491,64a63e472e2a91a8af878999101062f5f9dc301dc546fec565b02cf906551d21,151.08,1
al****@example.com,+3375******5,"(15.999, 28.0]",f2c13b673e08e05113804f1845cceb34f62577053f961e7a39605aa37b21c7eb,48.883,2.346,64a63e472e2a91a8af878999101062f5f9dc301dc546fec565b02cf906551d21,23.228,1
ju****@example.com,+3373******9,"(38.0, 49.0]",13a1c14c3b8a35c62373ee6476bfb1f0b1f4b5b2adb83cb04b93c6ae78bd8c36,49.025,2.185,64a63e472e2a91a8af878999101062f5f9dc301dc546fec565b02cf906551d21,171.033,0
la****@example.com,+3372******8,"(72.5, 84.0]",2a38e1ccbd0c0123a4398632fc1e7f23edee20a717451bdc890bdcb8d1f490f8,48.821,2.379,64a63e472e2a91a8af878999101062f5f9dc301dc546fec565b02cf906551d21,178.783,0
lu****@example.com,+3361******1,"(38.0, 49.0]",1dd577b206c61f33f65263b98b34f7bc719cc9685b65aa84cd6945a1ad17c75e,48.901,2.379,64a63e472e2a91a8af878999101062f5f9dc301dc546fec565b02cf906551d21,121.256,0
et****@example.com,+3375******6,"(15.999, 28.0]",a3cde10fc817bf89e9ccc3610f536a8cf14558fbef1a95411baf319b0a955c2f,48.828,2.224,774ca929a096f928aa6888a04e9c1f81202ebd8d319f69b940f08dc30b18bd43,142.401,1
an****@example.com,+3372******6,"(72.5, 84.0]",992edb0115ff081af3e54831eab652f38e45e8fab9acc14b5737834ad5d5ab17,48.934,2.402,64a63e472e2a91a8af878999101062f5f9dc301dc546fec565b02cf906551d21,142.367,0
lo****@example.com,+3375******5,"(72.5, 84.0]",d5f89b7f27635304419a42a9eae0c7dc8c1499c7a6fefbb673a93d2d5e78d0e0,48.757,2.335,64a63e472e2a91a8af878999101062f5f9dc301dc546fec565b02cf906551d21,94.315,0
ch****@example.com,+3364******1,"(72.5, 84.0]",b399a33ce967a74cb4fd24f856a1a3db5ad8f02ad38bb752ca79527b94af4744,48.822,2.395,64a63e472e2a91a8af878999101062f5f9dc301dc546fec565b02cf906551d21,141.823,1
ja****@example.com,+3364******2,"(72.5, 84.0]",cc1cefbd5fe8b550046391d7b6085b7c7834587fe22e6c2c8e5ed9cfd8f7d6a3,48.776,2.438,64a63e472e2a91a8af878999101062f5f9dc301dc546fec565b02cf906551d21,87.709,1
ar****@example.com,+3378******2,"(72.5, 84.0]",842ba5c853d7dfe115e588e89ad290bcc3fb339e52bad9c5cd81a45c6706ec8e,48.854,2.32,64a63e472e2a91a8af878999101062f5f9dc301dc546fec565b02cf906551d21,95.731,0
no****@example.com,+3370******0,"(38.0, 49.0]",32d12df1354d3aa31adae54b362d311556ce665467c5bb6c5f9dffcc90e40508,48.907,2.415,64a63e472e2a91a8af878999101062f5f9dc301dc546fec565b02cf906551d21,165.103,0
no****@example.com,+3368******0,"(28.0, 38.0]",9b6502088f63391c6c158bf94a01e325dffb12acb09264458118000da375dffd,48.891,2.374,64a63e472e2a91a8af878999101062f5f9dc301dc546fec565b02cf906551d21,159.111,0
mi****@example.com,+3365******2,"(49.0, 62.0]",ea4614a4dee29f14a8e2365ed1fad11f6a818576e7d779d718f2fc36b3fc5ba3,48.829,2.343,64a63e472e2a91a8af878999101062f5f9dc301dc546fec565b02cf906551d21,91.77,0
ja****@example.com,+3372******9,"(28.0, 38.0]",d95c142ec0bd67aa0f82ae3519c4b9a114f02cb6a328df04a7f1f43d49ba4984,48.793,2.333,64a63e472e2a91a8af878999101062f5f9dc301dc546fec565b02cf906551d21,90.757,0
hu****@example.com,+3375******2,"(38.0, 49.0]",427c47750224fa45a1bfe94bc83bc25ded6ea0f6d2c0210d7cacdf3279bc3d21,48.842,2.438,64a63e472e2a91a8af878999101062f5f9dc301dc546fec565b02cf906551d21,94.258,0
ra****@example.com,+3360******4,"(49.0, 62.0]",4757f5bdaf6fb43c8606172b881d29cf946375ba79319a4c1270bd13767c6553,48.869,2.346,0e11e91ca499ad89a0b06f1ba87c00b1ccadd0f3c0fcd0ab3956ab4111f09d0b,149.345,0
ga****@example.com,+3371******3,"(72.5, 84.0]",61c80f9c66d3a37155683d64c9c0ca4bdcbab76daa7b8644be51a569f5b09e71,48.849,2.233,774ca929a096f928aa6888a04e9c1f81202ebd8d319f69b940f08dc30b18bd43,79.986,0
lu****@example.com,+3379******8,"(28.0, 38.0]",41f67c08c1707a6a85f050ccae633aa342039739d1b1f51256dde9e3231e3509,48.832,2.239,64a63e472e2a91a8af878999101062f5f9dc301dc546fec565b02cf906551d21,134.301,0
mi****@example.com,+3365******5,"(28.0, 38.0]",83b3a68ab66530b4be8f7ba41e684688b3b7a70f7b9483d7c7e66770e0665e75,48.794,2.345,64a63e472e2a91a8af878999101062f5f9dc301dc546fec565b02cf906551d21,149.883,0
li****@example.com,+3365******6,"(62.0, 72.5]",29d3b7fb44193c2323a1f98a20bec563f0ae9ee56a4bda4d13347e056636f6db,48.746,2.407,64a63e472e2a91a8af878999101062f5f9dc301dc546fec565b02cf906551d21,116.519,1
lu****@example.com,+3377******3,"(15.999, 28.0]",b7e73e3f20d2db16fe0f8ac9512ed2fb3a1e50e88b8948e4313d8456f059bec7,48.789,2.401,64a63e472e2a91a8af878999101062f5f9dc301dc546fec565b02cf906551d21,160.362,0
em****@example.com,+3361******1,"(49.0, 62.0]",27c2951e0a7efd79c3ccc2e26b7064171e29d46784432791625db4bf3e8c26df,48.947,2.391,64a63e472e2a91a8af878999101062f5f9dc301dc546fec565b02cf906551d21,107.911,1
ra****@example.com,+3367******2,"(62.0, 72.5]",7a2d39fbcdabf2572d1f6425ceb2d6382959b91e5803582b80f2e65693f23516,48.91,2.162,64a63e472e2a91a8af878999101062f5f9dc301dc546fec565b02cf906551d21,111.385,0
et****@example.com,+3369******7,"(49.0, 62.0]",a4174f702aaecba93e17cd9e01316c148a80ecd7a664bb2ec2dca242f22743d4,48.878,2.282,64a63e472e2a91a8af878999101062f5f9dc301dc546fec565b02cf906551d21,80.973,0
an****@example.com,+3375******9,"(38.0, 49.0]",7e911d9b1219ba2f3f86bfe8a1b72eb9ce76796df18706605e919a889364f5bb,48.896,2.427,64a63e472e2a91a8af878999101062f5f9dc301dc546fec565b02cf906551d21,160.637,1
ch****@example.com,+3362******1,"(72.5, 84.0]",e99142f713ede4d22f909679ccfc3091d56b3f0a9b65d40514fe28e3cadef9e6,48.896,2.43,64a63e472e2a91a8af878999101062f5f9dc301dc546fec565b02cf906551d21,89.38,0
lo****@example.com,+3368******2,"(38.0, 49.0]",d74860fbb43906b4241df81a53c0922248ef93cd25a5f4b2f2a2ac7075b15755,48.933,2.517,0e11e91ca499ad89a0b06f1ba87c00b1ccadd0f3c0fcd0ab3956ab4111f09d0b,133.992,0
lo****@example.com,+3363******1,"(62.0, 72.5]",2fea72e44e049428812191431a17e65c9da3bb42ccabf64a681b279be5c9e06f,48.856,2.419,774ca929a096f928aa6888a04e9c1f81202ebd8d319f69b940f08dc30b18bd43,117.048,0
ra****@example.com,+3375******4,"(38.0, 49.0]",404e31debfb16c3b7acef5b0e83bb968e034254df83cafcf576bee3a13590bf3,48.903,2.262,64a63e472e2a91a8af878999101062f5f9dc301dc546fec565b02cf906551d21,77.909,0
li****@example.com,+3372******1,"(15.999, 28.0]",441b8ccac8a513db91920642f3dd87ed3298c974764c91f1075062eff58a7230,48.839,2.339,64a63e472e2a91a8af878999101062f5f9dc301dc546fec565b02cf906551d21,95.653,0
ra****@example.com,+3369******0,"(49.0, 62.0]",8554bc8b2b22be66646605480f140f612a8399099b280a9cd81289fde9cf0ecf,48.922,2.388,64a63e472e2a91a8af878999101062f5f9dc301dc546fec565b02cf906551d21,175.233,0
